bestand,noise,algoritme,tijd,metriek,voor,na,verschil
lena/,0_original.png,Convolution filter,0.077764056,SSIM,1,0.904392040672465,-0.0956079593275345
lena/,0_original.png,Spectrum filter,0.052563117,SSIM,1,0.850659208438388,-0.149340791561612
lena/,0_original.png,First spectrum then convolution,0.110498357,SSIM,1,0.797270230652398,-0.202729769347602
lena/,0_original.png,First convolution then spectrum,0.104069531,SSIM,1,0.793431353972122,-0.206568646027878
lena/,0_original.png,Wiener Filter,0.011727815,SSIM,1,0.887079121262829,-0.112920878737171
lena/,0_original.png,FFT row,0.009246498,SSIM,1,0.732759692797301,-0.267240307202699
lena/,0_original.png,FFT col,0.006621197,SSIM,1,0.671343797677519,-0.328656202322481
lena/,0_original.png,DCT row,0.023099195,SSIM,1,0.269397535557622,-0.730602464442378
lena/,0_original.png,DCT col,0.018230181,SSIM,1,0.335068128934846,-0.664931871065154
lena/,1_poisson.png,Convolution filter,0.052491688,PSNR,27.1797195905448,31.6325064575044,4.45278686695955
lena/,1_poisson.png,Convolution filter,0.052491688,SSIM,0.576710935879218,0.825987134744447,0.24927619886523
lena/,1_poisson.png,Spectrum filter,0.051330558,PSNR,27.1797195905448,26.1020946224797,-1.07762496806518
lena/,1_poisson.png,Spectrum filter,0.051330558,SSIM,0.576710935879218,0.528591626174776,-0.0481193097044419
lena/,1_poisson.png,First spectrum then convolution,0.103387224,PSNR,27.1797195905448,29.1106603468719,1.93094075632704
lena/,1_poisson.png,First spectrum then convolution,0.103387224,SSIM,0.576710935879218,0.759169609074625,0.182458673195407
lena/,1_poisson.png,First convolution then spectrum,0.106901216,PSNR,27.1797195905448,28.456937681192,1.2772180906472
lena/,1_poisson.png,First convolution then spectrum,0.106901216,SSIM,0.576710935879218,0.75288468290015,0.176173747020933
lena/,1_poisson.png,Wiener Filter,0.009017204,PSNR,27.1797195905448,32.2807871581825,5.10106756763765
lena/,1_poisson.png,Wiener Filter,0.009017204,SSIM,0.576710935879218,0.844967099754424,0.268256163875206
lena/,1_poisson.png,FFT row,0.008750553,PSNR,27.1797195905448,18.2493655687084,-8.93035402183646
lena/,1_poisson.png,FFT row,0.008750553,SSIM,0.576710935879218,0.51193047830709,-0.0647804575721277
lena/,1_poisson.png,FFT col,0.007090535,PSNR,27.1797195905448,16.9167526493418,-10.262966941203
lena/,1_poisson.png,FFT col,0.007090535,SSIM,0.576710935879218,0.446289577216007,-0.130421358663211
lena/,1_poisson.png,DCT row,0.021300494,PSNR,27.1797195905448,13.8857353413015,-13.2939842492434
lena/,1_poisson.png,DCT row,0.021300494,SSIM,0.576710935879218,0.185375694553265,-0.391335241325953
lena/,1_poisson.png,DCT col,0.018181979,PSNR,27.1797195905448,14.9541885045851,-12.2255310859597
lena/,1_poisson.png,DCT col,0.018181979,SSIM,0.576710935879218,0.229568597046514,-0.347142338832704
lena/,2_speckle.png,Convolution filter,0.057292306,PSNR,18.8334932722477,27.112219273127,8.27872600087935
lena/,2_speckle.png,Convolution filter,0.057292306,SSIM,0.28700380254474,0.6060161791558,0.31901237661106
lena/,2_speckle.png,Spectrum filter,0.048603163,PSNR,18.8334932722477,18.9863926758479,0.152899403600244
lena/,2_speckle.png,Spectrum filter,0.048603163,SSIM,0.28700380254474,0.2712379981198,-0.01576580442494
lena/,2_speckle.png,First spectrum then convolution,0.127343309,PSNR,18.8334932722477,26.8244377921436,7.99094451989591
lena/,2_speckle.png,First spectrum then convolution,0.127343309,SSIM,0.28700380254474,0.59104887516269,0.30404507261795
lena/,2_speckle.png,First convolution then spectrum,0.132981221,PSNR,18.8334932722477,26.5435936381687,7.71010036592102
lena/,2_speckle.png,First convolution then spectrum,0.132981221,SSIM,0.28700380254474,0.588454852014165,0.301451049469425
lena/,2_speckle.png,Wiener Filter,0.013149423,PSNR,18.8334932722477,26.3892189681686,7.55572569592095
lena/,2_speckle.png,Wiener Filter,0.013149423,SSIM,0.28700380254474,0.630342697441607,0.343338894896868
lena/,2_speckle.png,FFT row,0.017303855,PSNR,18.8334932722477,16.9015509109232,-1.93194236132444
lena/,2_speckle.png,FFT row,0.017303855,SSIM,0.28700380254474,0.303080144234083,0.0160763416893436
lena/,2_speckle.png,FFT col,0.010384293,PSNR,18.8334932722477,15.8751768359511,-2.95831643629661
lena/,2_speckle.png,FFT col,0.010384293,SSIM,0.28700380254474,0.238840173406415,-0.0481636291383249
lena/,2_speckle.png,DCT row,0.043729162,PSNR,18.8334932722477,12.936766985369,-5.89672628687864
lena/,2_speckle.png,DCT row,0.043729162,SSIM,0.28700380254474,0.0976964783966343,-0.189307324148106
lena/,2_speckle.png,DCT col,0.021111705,PSNR,18.8334932722477,13.738625687948,-5.09486758429971
lena/,2_speckle.png,DCT col,0.021111705,SSIM,0.28700380254474,0.116959160535414,-0.170044642009326
lena/,3_saltpepper_0-1.png,Convolution filter,0.070881675,PSNR,15.4041241435475,23.8686510470157,8.4645269034682
lena/,3_saltpepper_0-1.png,Convolution filter,0.070881675,SSIM,0.173134292110534,0.461861938945446,0.288727646834912
lena/,3_saltpepper_0-1.png,Spectrum filter,0.100176188,PSNR,15.4041241435475,15.7549296296103,0.350805486062816
lena/,3_saltpepper_0-1.png,Spectrum filter,0.100176188,SSIM,0.173134292110534,0.166031135108581,-0.00710315700195288
lena/,3_saltpepper_0-1.png,First spectrum then convolution,0.247261255,PSNR,15.4041241435475,24.019410558563,8.61528641501552
lena/,3_saltpepper_0-1.png,First spectrum then convolution,0.247261255,SSIM,0.173134292110534,0.464883983866495,0.291749691755961
lena/,3_saltpepper_0-1.png,First convolution then spectrum,0.132820256,PSNR,15.4041241435475,24.1334863229027,8.72936217935524
lena/,3_saltpepper_0-1.png,First convolution then spectrum,0.132820256,SSIM,0.173134292110534,0.46755630118504,0.294422009074506
lena/,3_saltpepper_0-1.png,Wiener Filter,0.035962518,PSNR,15.4041241435475,22.4380864293686,7.03396228582105
lena/,3_saltpepper_0-1.png,Wiener Filter,0.035962518,SSIM,0.173134292110534,0.485041565056524,0.311907272945989
lena/,3_saltpepper_0-1.png,FFT row,0.013693236,PSNR,15.4041241435475,15.4844344506945,0.0803103071470179
lena/,3_saltpepper_0-1.png,FFT row,0.013693236,SSIM,0.173134292110534,0.217775187143518,0.0446408950329839
lena/,3_saltpepper_0-1.png,FFT col,0.007776198,PSNR,15.4041241435475,14.7830171549208,-0.621106988626686
lena/,3_saltpepper_0-1.png,FFT col,0.007776198,SSIM,0.173134292110534,0.177458319621446,0.0043240275109114
lena/,3_saltpepper_0-1.png,DCT row,0.026433508,PSNR,15.4041241435475,12.1286243777254,-3.27549976582207
lena/,3_saltpepper_0-1.png,DCT row,0.026433508,SSIM,0.173134292110534,0.0677904976475358,-0.105343794462998
lena/,3_saltpepper_0-1.png,DCT col,0.028627335,PSNR,15.4041241435475,12.7161667297408,-2.68795741380669
lena/,3_saltpepper_0-1.png,DCT col,0.028627335,SSIM,0.173134292110534,0.0751716542107016,-0.0979626378998326
lena/,4_gaussian_0_0-1.png,Convolution filter,0.074034299,PSNR,11.3534843040418,20.2188991161795,8.86541481213777
lena/,4_gaussian_0_0-1.png,Convolution filter,0.074034299,SSIM,0.0613402911863933,0.269711420779138,0.208371129592745
lena/,4_gaussian_0_0-1.png,Spectrum filter,0.065706612,PSNR,11.3534843040418,11.8724180928455,0.518933788803768
lena/,4_gaussian_0_0-1.png,Spectrum filter,0.065706612,SSIM,0.0613402911863933,0.0649251236068049,0.00358483242041163
lena/,4_gaussian_0_0-1.png,First spectrum then convolution,0.134882785,PSNR,11.3534843040418,20.4630562129719,9.10957190893016
lena/,4_gaussian_0_0-1.png,First spectrum then convolution,0.134882785,SSIM,0.0613402911863933,0.281747146760873,0.22040685557448
lena/,4_gaussian_0_0-1.png,First convolution then spectrum,0.136348898,PSNR,11.3534843040418,20.9650404903902,9.61155618634842
lena/,4_gaussian_0_0-1.png,First convolution then spectrum,0.136348898,SSIM,0.0613402911863933,0.293349870762789,0.232009579576396
lena/,4_gaussian_0_0-1.png,Wiener Filter,0.010880752,PSNR,11.3534843040418,21.7360228818287,10.382538577787
lena/,4_gaussian_0_0-1.png,Wiener Filter,0.010880752,SSIM,0.0613402911863933,0.373135183102967,0.311794891916574
lena/,4_gaussian_0_0-1.png,FFT row,0.009851494,PSNR,11.3534843040418,13.0097646678843,1.65628036384257
lena/,4_gaussian_0_0-1.png,FFT row,0.009851494,SSIM,0.0613402911863933,0.114527709271104,0.0531874180847105
lena/,4_gaussian_0_0-1.png,FFT col,0.009600361,PSNR,11.3534843040418,12.5761568741566,1.22267257011485
lena/,4_gaussian_0_0-1.png,FFT col,0.009600361,SSIM,0.0613402911863933,0.0899339206622982,0.0285936294759049
lena/,4_gaussian_0_0-1.png,DCT row,0.035141001,PSNR,11.3534843040418,10.3138801364856,-1.03960416755614
lena/,4_gaussian_0_0-1.png,DCT row,0.035141001,SSIM,0.0613402911863933,0.0325452906832287,-0.0287950005031646
lena/,4_gaussian_0_0-1.png,DCT col,0.029052429,PSNR,11.3534843040418,10.6743547588303,-0.679129545211484
lena/,4_gaussian_0_0-1.png,DCT col,0.029052429,SSIM,0.0613402911863933,0.0343318635899481,-0.0270084275964452
lena/,5_gaussian_0_0-5.png,Convolution filter,0.143570997,PSNR,7.88332579934813,15.7551533155863,7.87182751623814
lena/,5_gaussian_0_0-5.png,Convolution filter,0.143570997,SSIM,0.0215737188094446,0.12960351118679,0.108029792377346
lena/,5_gaussian_0_0-5.png,Spectrum filter,0.082987575,PSNR,7.88332579934813,8.74866881361967,0.865343014271542
lena/,5_gaussian_0_0-5.png,Spectrum filter,0.082987575,SSIM,0.0215737188094446,0.0246044643290102,0.00303074551956553
lena/,5_gaussian_0_0-5.png,First spectrum then convolution,0.123515867,PSNR,7.88332579934813,16.0548318613064,8.17150606195828
lena/,5_gaussian_0_0-5.png,First spectrum then convolution,0.123515867,SSIM,0.0215737188094446,0.143134972998049,0.121561254188604
lena/,5_gaussian_0_0-5.png,First convolution then spectrum,0.117045936,PSNR,7.88332579934813,16.4471311544447,8.56380535509659
lena/,5_gaussian_0_0-5.png,First convolution then spectrum,0.117045936,SSIM,0.0215737188094446,0.149217322350341,0.127643603540897
lena/,5_gaussian_0_0-5.png,Wiener Filter,0.011008905,PSNR,7.88332579934813,17.5056576732433,9.62233187389515
lena/,5_gaussian_0_0-5.png,Wiener Filter,0.011008905,SSIM,0.0215737188094446,0.229335058292006,0.207761339482562
lena/,5_gaussian_0_0-5.png,FFT row,0.010020285,PSNR,7.88332579934813,10.296639690008,2.41331389065983
lena/,5_gaussian_0_0-5.png,FFT row,0.010020285,SSIM,0.0215737188094446,0.0628924996944577,0.0413187808850131
lena/,5_gaussian_0_0-5.png,FFT col,0.008556822,PSNR,7.88332579934813,10.1142478820699,2.23092208272176
lena/,5_gaussian_0_0-5.png,FFT col,0.008556822,SSIM,0.0215737188094446,0.0529143641582362,0.0313406453487916
lena/,5_gaussian_0_0-5.png,DCT row,0.03035651,PSNR,7.88332579934813,8.74035376018695,0.85702796083882
lena/,5_gaussian_0_0-5.png,DCT row,0.03035651,SSIM,0.0215737188094446,0.0151200082952407,-0.0064537105142039
lena/,5_gaussian_0_0-5.png,DCT col,0.02352407,PSNR,7.88332579934813,8.86471013253642,0.981384333188294
lena/,5_gaussian_0_0-5.png,DCT col,0.02352407,SSIM,0.0215737188094446,0.0154345300457435,-0.00613918876370115
lena/,6_hor._stripes_w3_p8_s1_f0.png,Convolution filter,0.066022352,PSNR,9.90992063768207,11.398181871271,1.48826123358896
lena/,6_hor._stripes_w3_p8_s1_f0.png,Convolution filter,0.066022352,SSIM,0.0986263454374574,0.117147170350324,0.0185208249128662
lena/,6_hor._stripes_w3_p8_s1_f0.png,Spectrum filter,0.05815761,PSNR,9.90992063768207,14.0226026380967,4.11268200041468
lena/,6_hor._stripes_w3_p8_s1_f0.png,Spectrum filter,0.05815761,SSIM,0.0986263454374574,0.668425615411796,0.569799269974339
lena/,6_hor._stripes_w3_p8_s1_f0.png,First spectrum then convolution,0.156906212,PSNR,9.90992063768207,14.0141552753177,4.10423463763567
lena/,6_hor._stripes_w3_p8_s1_f0.png,First spectrum then convolution,0.156906212,SSIM,0.0986263454374574,0.671554102812145,0.572927757374687
lena/,6_hor._stripes_w3_p8_s1_f0.png,First convolution then spectrum,0.12680967,PSNR,9.90992063768207,14.0016549059042,4.09173426822212
lena/,6_hor._stripes_w3_p8_s1_f0.png,First convolution then spectrum,0.12680967,SSIM,0.0986263454374574,0.66809499288397,0.569468647446513
lena/,6_hor._stripes_w3_p8_s1_f0.png,Wiener Filter,0.011297023,PSNR,9.90992063768207,11.7889410390008,1.87902040131872
lena/,6_hor._stripes_w3_p8_s1_f0.png,Wiener Filter,0.011297023,SSIM,0.0986263454374574,0.158870781563242,0.0602444361257848
lena/,6_hor._stripes_w3_p8_s1_f0.png,FFT row,0.009751121,PSNR,9.90992063768207,11.0786198209299,1.16869918324781
lena/,6_hor._stripes_w3_p8_s1_f0.png,FFT row,0.009751121,SSIM,0.0986263454374574,0.153666873432701,0.0550405279952438
lena/,6_hor._stripes_w3_p8_s1_f0.png,FFT col,0.011823187,PSNR,9.90992063768207,9.42307539759489,-0.486845240087176
lena/,6_hor._stripes_w3_p8_s1_f0.png,FFT col,0.011823187,SSIM,0.0986263454374574,0.039513457955196,-0.0591128874822614
lena/,6_hor._stripes_w3_p8_s1_f0.png,DCT row,0.026628241,PSNR,9.90992063768207,9.52446012714384,-0.385460510538223
lena/,6_hor._stripes_w3_p8_s1_f0.png,DCT row,0.026628241,SSIM,0.0986263454374574,0.0399285712627493,-0.0586977741747081
lena/,6_hor._stripes_w3_p8_s1_f0.png,DCT col,0.023629122,PSNR,9.90992063768207,9.97995866764066,0.0700380299585959
lena/,6_hor._stripes_w3_p8_s1_f0.png,DCT col,0.023629122,SSIM,0.0986263454374574,0.0446371653241786,-0.0539891801132788
lena/,7_hor._stripes_w1_p10_s1_f0.png,Convolution filter,0.064922899,PSNR,15.5956738223379,20.0754649177913,4.47979109545341
lena/,7_hor._stripes_w1_p10_s1_f0.png,Convolution filter,0.064922899,SSIM,0.332537338624757,0.410949207581032,0.0784118689562754
lena/,7_hor._stripes_w1_p10_s1_f0.png,Spectrum filter,0.059310966,PSNR,15.5956738223379,22.4746240288337,6.8789502064958
lena/,7_hor._stripes_w1_p10_s1_f0.png,Spectrum filter,0.059310966,SSIM,0.332537338624757,0.592166569675731,0.259629231050974
lena/,7_hor._stripes_w1_p10_s1_f0.png,First spectrum then convolution,0.125356587,PSNR,15.5956738223379,22.696242171493,7.10056834915513
lena/,7_hor._stripes_w1_p10_s1_f0.png,First spectrum then convolution,0.125356587,SSIM,0.332537338624757,0.588946622321958,0.256409283697201
lena/,7_hor._stripes_w1_p10_s1_f0.png,First convolution then spectrum,0.132452269,PSNR,15.5956738223379,22.5594820359913,6.96380821365344
lena/,7_hor._stripes_w1_p10_s1_f0.png,First convolution then spectrum,0.132452269,SSIM,0.332537338624757,0.576661851488042,0.244124512863285
lena/,7_hor._stripes_w1_p10_s1_f0.png,Wiener Filter,0.010371094,PSNR,15.5956738223379,18.4896809961507,2.89400717381282
lena/,7_hor._stripes_w1_p10_s1_f0.png,Wiener Filter,0.010371094,SSIM,0.332537338624757,0.400523928672197,0.0679865900474405
lena/,7_hor._stripes_w1_p10_s1_f0.png,FFT row,0.010744435,PSNR,15.5956738223379,15.4600050944139,-0.135668727923973
lena/,7_hor._stripes_w1_p10_s1_f0.png,FFT row,0.010744435,SSIM,0.332537338624757,0.32376985248105,-0.00876748614370709
lena/,7_hor._stripes_w1_p10_s1_f0.png,FFT col,0.008366505,PSNR,15.5956738223379,13.4678329484339,-2.12784087390401
lena/,7_hor._stripes_w1_p10_s1_f0.png,FFT col,0.008366505,SSIM,0.332537338624757,0.173360434272612,-0.159176904352145
lena/,7_hor._stripes_w1_p10_s1_f0.png,DCT row,0.02456268,PSNR,15.5956738223379,12.2967526535262,-3.29892116881165
lena/,7_hor._stripes_w1_p10_s1_f0.png,DCT row,0.02456268,SSIM,0.332537338624757,0.113978490805421,-0.218558847819336
lena/,7_hor._stripes_w1_p10_s1_f0.png,DCT col,0.022418015,PSNR,15.5956738223379,13.0247551613978,-2.57091866094008
lena/,7_hor._stripes_w1_p10_s1_f0.png,DCT col,0.022418015,SSIM,0.332537338624757,0.11613723855227,-0.216400100072487
lena/,8_vert._stripes_w3_p8_s1_f0.png,Convolution filter,0.06492365,PSNR,9.92805027780493,11.4150854438824,1.4870351660775
lena/,8_vert._stripes_w3_p8_s1_f0.png,Convolution filter,0.06492365,SSIM,0.0939603294328399,0.109839548154411,0.0158792187215712
lena/,8_vert._stripes_w3_p8_s1_f0.png,Spectrum filter,0.058592334,PSNR,9.92805027780493,14.0123901199952,4.08433984219028
lena/,8_vert._stripes_w3_p8_s1_f0.png,Spectrum filter,0.058592334,SSIM,0.0939603294328399,0.664843785078973,0.570883455646133
lena/,8_vert._stripes_w3_p8_s1_f0.png,First spectrum then convolution,0.131529159,PSNR,9.92805027780493,14.0019204006212,4.07387012281625
lena/,8_vert._stripes_w3_p8_s1_f0.png,First spectrum then convolution,0.131529159,SSIM,0.0939603294328399,0.661104503680246,0.567144174247406
lena/,8_vert._stripes_w3_p8_s1_f0.png,First convolution then spectrum,0.134289558,PSNR,9.92805027780493,13.9905972726735,4.06254699486855
lena/,8_vert._stripes_w3_p8_s1_f0.png,First convolution then spectrum,0.134289558,SSIM,0.0939603294328399,0.654276963853829,0.560316634420989
lena/,8_vert._stripes_w3_p8_s1_f0.png,Wiener Filter,0.011772035,PSNR,9.92805027780493,11.8076961575814,1.87964587977649
lena/,8_vert._stripes_w3_p8_s1_f0.png,Wiener Filter,0.011772035,SSIM,0.0939603294328399,0.154193897388821,0.0602335679559811
lena/,8_vert._stripes_w3_p8_s1_f0.png,FFT row,0.010312457,PSNR,9.92805027780493,9.5688486076881,-0.359201670116828
lena/,8_vert._stripes_w3_p8_s1_f0.png,FFT row,0.010312457,SSIM,0.0939603294328399,0.0513993008196397,-0.0425610286132002
lena/,8_vert._stripes_w3_p8_s1_f0.png,FFT col,0.008560003,PSNR,9.92805027780493,10.8393924287695,0.911342150964536
lena/,8_vert._stripes_w3_p8_s1_f0.png,FFT col,0.008560003,SSIM,0.0939603294328399,0.123890966829906,0.0299306373970664
lena/,8_vert._stripes_w3_p8_s1_f0.png,DCT row,0.028791324,PSNR,9.92805027780493,9.79661458277976,-0.131435695025177
lena/,8_vert._stripes_w3_p8_s1_f0.png,DCT row,0.028791324,SSIM,0.0939603294328399,0.0367890417565497,-0.0571712876762901
lena/,8_vert._stripes_w3_p8_s1_f0.png,DCT col,0.023129398,PSNR,9.92805027780493,9.77577044559572,-0.152279832209214
lena/,8_vert._stripes_w3_p8_s1_f0.png,DCT col,0.023129398,SSIM,0.0939603294328399,0.0451923248675828,-0.0487680045652571
lena/,9_stripes_w3_p8_s1_f0.png,Convolution filter,0.073989453,PSNR,7.80830383650632,8.80101072314986,0.992706886643541
lena/,9_stripes_w3_p8_s1_f0.png,Convolution filter,0.073989453,SSIM,0.0439948675910818,0.0654338137322379,0.0214389461411561
lena/,9_stripes_w3_p8_s1_f0.png,Spectrum filter,0.073241327,PSNR,7.80830383650632,9.893749832973,2.08544599646668
lena/,9_stripes_w3_p8_s1_f0.png,Spectrum filter,0.073241327,SSIM,0.0439948675910818,0.409174276913183,0.365179409322101
lena/,9_stripes_w3_p8_s1_f0.png,First spectrum then convolution,0.154161919,PSNR,7.80830383650632,9.90926286346441,2.1009590269581
lena/,9_stripes_w3_p8_s1_f0.png,First spectrum then convolution,0.154161919,SSIM,0.0439948675910818,0.458350099435769,0.414355231844687
lena/,9_stripes_w3_p8_s1_f0.png,First convolution then spectrum,0.150905944,PSNR,7.80830383650632,9.90284419869721,2.0945403621909
lena/,9_stripes_w3_p8_s1_f0.png,First convolution then spectrum,0.150905944,SSIM,0.0439948675910818,0.459052363230489,0.415057495639407
lena/,9_stripes_w3_p8_s1_f0.png,Wiener Filter,0.015562101,PSNR,7.80830383650632,9.2441704951299,1.43586665862359
lena/,9_stripes_w3_p8_s1_f0.png,Wiener Filter,0.015562101,SSIM,0.0439948675910818,0.111101052804453,0.0671061852133714
lena/,9_stripes_w3_p8_s1_f0.png,FFT row,0.01735927,PSNR,7.80830383650632,8.22358591233716,0.41528207583084
lena/,9_stripes_w3_p8_s1_f0.png,FFT row,0.01735927,SSIM,0.0439948675910818,0.0391274140174016,-0.00486745357368022
lena/,9_stripes_w3_p8_s1_f0.png,FFT col,0.013249506,PSNR,7.80830383650632,8.13596910354541,0.327665267039096
lena/,9_stripes_w3_p8_s1_f0.png,FFT col,0.013249506,SSIM,0.0439948675910818,0.0320584382477531,-0.0119364293433287
lena/,9_stripes_w3_p8_s1_f0.png,DCT row,0.027738285,PSNR,7.80830383650632,8.23950281797668,0.431198981470365
lena/,9_stripes_w3_p8_s1_f0.png,DCT row,0.027738285,SSIM,0.0439948675910818,0.0234843340222036,-0.0205105335688782
lena/,9_stripes_w3_p8_s1_f0.png,DCT col,0.028183327,PSNR,7.80830383650632,8.34990911114051,0.541605274634188
lena/,9_stripes_w3_p8_s1_f0.png,DCT col,0.028183327,SSIM,0.0439948675910818,0.0276322352830866,-0.0163626323079952
lena_color/,0_original.png,Convolution filter,0.177865297,SSIM,1,0.984371246540659,-0.0156287534593414
lena_color/,0_original.png,Spectrum filter,0.179327052,SSIM,1,0.982542729608308,-0.0174572703916915
lena_color/,0_original.png,First spectrum then convolution,0.3434107,SSIM,1,0.968813017951708,-0.0311869820482916
lena_color/,0_original.png,First convolution then spectrum,0.333888673,SSIM,1,0.965871730160899,-0.0341282698391007
lena_color/,0_original.png,Wiener Filter,0.029538563,SSIM,1,0.987362687696241,-0.012637312303759
lena_color/,0_original.png,FFT row,0.043914307,SSIM,1,0.901334615810237,-0.0986653841897626
lena_color/,0_original.png,FFT col,0.027287665,SSIM,1,0.874852767218785,-0.125147232781215
lena_color/,0_original.png,DCT row,0.080957165,SSIM,1,0.716871672693824,-0.283128327306176
lena_color/,0_original.png,DCT col,0.073556803,SSIM,1,0.75238283195677,-0.24761716804323
lena_color/,1_poisson.png,Convolution filter,0.172985952,PSNR,27.137939672081,30.9240971644532,3.78615749237224
lena_color/,1_poisson.png,Convolution filter,0.172985952,SSIM,0.950070926673553,0.978767529792592,0.0286966031190384
lena_color/,1_poisson.png,Spectrum filter,0.163079995,PSNR,27.137939672081,26.2084678153129,-0.92947185676811
lena_color/,1_poisson.png,Spectrum filter,0.163079995,SSIM,0.950070926673553,0.940721536780972,-0.00934938989258061
lena_color/,1_poisson.png,First spectrum then convolution,0.345226251,PSNR,27.137939672081,28.9220963597099,1.78415668762891
lena_color/,1_poisson.png,First spectrum then convolution,0.345226251,SSIM,0.950070926673553,0.9687398791907,0.0186689525171465
lena_color/,1_poisson.png,First convolution then spectrum,0.324284107,PSNR,27.137939672081,28.2919228937864,1.15398322170542
lena_color/,1_poisson.png,First convolution then spectrum,0.324284107,SSIM,0.950070926673553,0.963876167577342,0.0138052409037887
lena_color/,1_poisson.png,Wiener Filter,0.029400903,PSNR,27.137939672081,31.7292173298892,4.59127765780818
lena_color/,1_poisson.png,Wiener Filter,0.029400903,SSIM,0.950070926673553,0.98177344533333,0.0317025186597772
lena_color/,1_poisson.png,FFT row,0.041479979,PSNR,27.137939672081,18.3763452993228,-8.7615943727582
lena_color/,1_poisson.png,FFT row,0.041479979,SSIM,0.950070926673553,0.879440457176643,-0.0706304694969097
lena_color/,1_poisson.png,FFT col,0.025631035,PSNR,27.137939672081,17.2757320256145,-9.86220764646652
lena_color/,1_poisson.png,FFT col,0.025631035,SSIM,0.950070926673553,0.852942120533132,-0.0971288061404215
lena_color/,1_poisson.png,DCT row,0.086118183,PSNR,27.137939672081,14.3775148805556,-12.7604247915254
lena_color/,1_poisson.png,DCT row,0.086118183,SSIM,0.950070926673553,0.690678047572193,-0.259392879101361
lena_color/,1_poisson.png,DCT col,0.072416065,PSNR,27.137939672081,15.1710603015055,-11.9668793705755
lena_color/,1_poisson.png,DCT col,0.072416065,SSIM,0.950070926673553,0.723023842246755,-0.227047084426798
lena_color/,2_speckle.png,Convolution filter,0.173683711,PSNR,18.7819838106656,26.4231477064172,7.64116389575159
lena_color/,2_speckle.png,Convolution filter,0.173683711,SSIM,0.757012091013016,0.941332875238452,0.184320784225436
lena_color/,2_speckle.png,Spectrum filter,0.167513507,PSNR,18.7819838106656,18.985964519582,0.203980708916323
lena_color/,2_speckle.png,Spectrum filter,0.167513507,SSIM,0.757012091013016,0.760638531766315,0.00362644075329888
lena_color/,2_speckle.png,First spectrum then convolution,0.350082426,PSNR,18.7819838106656,26.1444903744187,7.3625065637531
lena_color/,2_speckle.png,First spectrum then convolution,0.350082426,SSIM,0.757012091013016,0.938843066514573,0.181830975501558
lena_color/,2_speckle.png,First convolution then spectrum,0.338236315,PSNR,18.7819838106656,26.011895091174,7.22991128050836
lena_color/,2_speckle.png,First convolution then spectrum,0.338236315,SSIM,0.757012091013016,0.93784680029614,0.180834709283124
lena_color/,2_speckle.png,Wiener Filter,0.030860382,PSNR,18.7819838106656,26.1479585959474,7.36597478528173
lena_color/,2_speckle.png,Wiener Filter,0.030860382,SSIM,0.757012091013016,0.935539110551955,0.178527019538939
lena_color/,2_speckle.png,FFT row,0.041211225,PSNR,18.7819838106656,16.9926680251742,-1.78931578549147
lena_color/,2_speckle.png,FFT row,0.041211225,SSIM,0.757012091013016,0.778840203890546,0.0218281128775302
lena_color/,2_speckle.png,FFT col,0.025725637,PSNR,18.7819838106656,16.1503545601166,-2.631629250549
lena_color/,2_speckle.png,FFT col,0.025725637,SSIM,0.757012091013016,0.752578723717861,-0.00443336729515476
lena_color/,2_speckle.png,DCT row,0.090906063,PSNR,18.7819838106656,13.4092919671764,-5.3726918434892
lena_color/,2_speckle.png,DCT row,0.090906063,SSIM,0.757012091013016,0.573007548630698,-0.184004542382318
lena_color/,2_speckle.png,DCT col,0.075144325,PSNR,18.7819838106656,13.9964988860003,-4.78548492466533
lena_color/,2_speckle.png,DCT col,0.075144325,SSIM,0.757012091013016,0.59174882698068,-0.165263264032336
lena_color/,3_saltpepper_0-1.png,Convolution filter,0.175753356,PSNR,15.1503153718494,23.4100656833651,8.25975031151578
lena_color/,3_saltpepper_0-1.png,Convolution filter,0.175753356,SSIM,0.58030257811732,0.892492603497225,0.312190025379905
lena_color/,3_saltpepper_0-1.png,Spectrum filter,0.165594055,PSNR,15.1503153718494,15.5067964594659,0.356481087616576
lena_color/,3_saltpepper_0-1.png,Spectrum filter,0.165594055,SSIM,0.58030257811732,0.594103252252772,0.0138006741354526
lena_color/,3_saltpepper_0-1.png,First spectrum then convolution,0.361462934,PSNR,15.1503153718494,23.5464838928576,8.39616852100825
lena_color/,3_saltpepper_0-1.png,First spectrum then convolution,0.361462934,SSIM,0.58030257811732,0.89584814014163,0.31554556202431
lena_color/,3_saltpepper_0-1.png,First convolution then spectrum,0.343183921,PSNR,15.1503153718494,23.7470970327364,8.59678166088707
lena_color/,3_saltpepper_0-1.png,First convolution then spectrum,0.343183921,SSIM,0.58030257811732,0.900665741002441,0.320363162885121
lena_color/,3_saltpepper_0-1.png,Wiener Filter,0.030410464,PSNR,15.1503153718494,21.8763931862182,6.7260778143688
lena_color/,3_saltpepper_0-1.png,Wiener Filter,0.030410464,SSIM,0.58030257811732,0.857898762582719,0.277596184465399
lena_color/,3_saltpepper_0-1.png,FFT row,0.041930941,PSNR,15.1503153718494,15.4053199004617,0.255004528612343
lena_color/,3_saltpepper_0-1.png,FFT row,0.041930941,SSIM,0.58030257811732,0.667539893362285,0.0872373152449656
lena_color/,3_saltpepper_0-1.png,FFT col,0.026665418,PSNR,15.1503153718494,14.8489439386436,-0.301371433205766
lena_color/,3_saltpepper_0-1.png,FFT col,0.026665418,SSIM,0.58030257811732,0.649850621953318,0.0695480438359978
lena_color/,3_saltpepper_0-1.png,DCT row,0.088467986,PSNR,15.1503153718494,12.3284918348288,-2.82182353702058
lena_color/,3_saltpepper_0-1.png,DCT row,0.088467986,SSIM,0.58030257811732,0.461999048090934,-0.118303530026386
lena_color/,3_saltpepper_0-1.png,DCT col,0.074846373,PSNR,15.1503153718494,12.7544158056847,-2.3958995661647
lena_color/,3_saltpepper_0-1.png,DCT col,0.074846373,SSIM,0.58030257811732,0.472276330767622,-0.108026247349698
lena_color/,4_gaussian_0_0-1.png,Convolution filter,0.186742713,PSNR,11.519009967981,19.9643352775421,8.44532530956111
lena_color/,4_gaussian_0_0-1.png,Convolution filter,0.186742713,SSIM,0.351754161888181,0.781463593703779,0.429709431815597
lena_color/,4_gaussian_0_0-1.png,Spectrum filter,0.171816659,PSNR,11.519009967981,12.0404221102278,0.521412142246781
lena_color/,4_gaussian_0_0-1.png,Spectrum filter,0.171816659,SSIM,0.351754161888181,0.371930785006156,0.0201766231179746
lena_color/,4_gaussian_0_0-1.png,First spectrum then convolution,0.344442202,PSNR,11.519009967981,20.1110889200244,8.59207895204342
lena_color/,4_gaussian_0_0-1.png,First spectrum then convolution,0.344442202,SSIM,0.351754161888181,0.787416912531323,0.435662750643142
lena_color/,4_gaussian_0_0-1.png,First convolution then spectrum,0.334058506,PSNR,11.519009967981,20.6317294346328,9.11271946665185
lena_color/,4_gaussian_0_0-1.png,First convolution then spectrum,0.334058506,SSIM,0.351754161888181,0.807490462369105,0.455736300480924
lena_color/,4_gaussian_0_0-1.png,Wiener Filter,0.031570178,PSNR,11.519009967981,21.1144284820163,9.59541851403534
lena_color/,4_gaussian_0_0-1.png,Wiener Filter,0.031570178,SSIM,0.351754161888181,0.832160236064671,0.48040607417649
lena_color/,4_gaussian_0_0-1.png,FFT row,0.041136484,PSNR,11.519009967981,13.1191795689926,1.60016960101161
lena_color/,4_gaussian_0_0-1.png,FFT row,0.041136484,SSIM,0.351754161888181,0.503951358009656,0.152197196121475
lena_color/,4_gaussian_0_0-1.png,FFT col,0.027989689,PSNR,11.519009967981,12.7980017483626,1.27899178038159
lena_color/,4_gaussian_0_0-1.png,FFT col,0.027989689,SSIM,0.351754161888181,0.490327677284385,0.138573515396203
lena_color/,4_gaussian_0_0-1.png,DCT row,0.08951613,PSNR,11.519009967981,10.6056497878954,-0.913360180085549
lena_color/,4_gaussian_0_0-1.png,DCT row,0.08951613,SSIM,0.351754161888181,0.3056931181184,-0.0460610437697812
lena_color/,4_gaussian_0_0-1.png,DCT col,0.074616455,PSNR,11.519009967981,10.8580962254018,-0.660913742579226
lena_color/,4_gaussian_0_0-1.png,DCT col,0.074616455,SSIM,0.351754161888181,0.308707506491821,-0.0430466553963601
lena_color/,5_gaussian_0_0-5.png,Convolution filter,0.180536202,PSNR,7.85001496504774,15.1527885145997,7.30277354955194
lena_color/,5_gaussian_0_0-5.png,Convolution filter,0.180536202,SSIM,0.135716944320446,0.479892621766064,0.344175677445617
lena_color/,5_gaussian_0_0-5.png,Spectrum filter,0.169950033,PSNR,7.85001496504774,8.65459499657339,0.804580031525647
lena_color/,5_gaussian_0_0-5.png,Spectrum filter,0.169950033,SSIM,0.135716944320446,0.150978594874432,0.0152616505539854
lena_color/,5_gaussian_0_0-5.png,First spectrum then convolution,0.338463399,PSNR,7.85001496504774,15.3225956088525,7.47258064380477
lena_color/,5_gaussian_0_0-5.png,First spectrum then convolution,0.338463399,SSIM,0.135716944320446,0.486477285633689,0.350760341313243
lena_color/,5_gaussian_0_0-5.png,First convolution then spectrum,0.337965257,PSNR,7.85001496504774,15.7376725116492,7.88765754660142
lena_color/,5_gaussian_0_0-5.png,First convolution then spectrum,0.337965257,SSIM,0.135716944320446,0.519707996627364,0.383991052306917
lena_color/,5_gaussian_0_0-5.png,Wiener Filter,0.032513127,PSNR,7.85001496504774,16.5431626861999,8.6931477211522
lena_color/,5_gaussian_0_0-5.png,Wiener Filter,0.032513127,SSIM,0.135716944320446,0.587675837257621,0.451958892937175
lena_color/,5_gaussian_0_0-5.png,FFT row,0.0487614,PSNR,7.85001496504774,10.1659061035283,2.31589113848054
lena_color/,5_gaussian_0_0-5.png,FFT row,0.0487614,SSIM,0.135716944320446,0.272287422340402,0.136570478019956
lena_color/,5_gaussian_0_0-5.png,FFT col,0.026630812,PSNR,7.85001496504774,10.0363881529582,2.18637318791043
lena_color/,5_gaussian_0_0-5.png,FFT col,0.026630812,SSIM,0.135716944320446,0.260568941320527,0.124851997000081
lena_color/,5_gaussian_0_0-5.png,DCT row,0.093369081,PSNR,7.85001496504774,8.65635771575725,0.806342750709511
lena_color/,5_gaussian_0_0-5.png,DCT row,0.093369081,SSIM,0.135716944320446,0.131817133914652,-0.00389981040579424
lena_color/,5_gaussian_0_0-5.png,DCT col,0.074904771,PSNR,7.85001496504774,8.75082200379968,0.900807038751937
lena_color/,5_gaussian_0_0-5.png,DCT col,0.074904771,SSIM,0.135716944320446,0.131612017605744,-0.00410492671470239
lena_color/,6_hor._stripes_w3_p8_s1_f0.png,Convolution filter,0.168291535,PSNR,9.3911468023866,10.8789482982548,1.48780149586817
lena_color/,6_hor._stripes_w3_p8_s1_f0.png,Convolution filter,0.168291535,SSIM,0.328645699856349,0.422773889902784,0.0941281900464352
lena_color/,6_hor._stripes_w3_p8_s1_f0.png,Spectrum filter,0.163130973,PSNR,9.3911468023866,13.5279266672716,4.13677986488501
lena_color/,6_hor._stripes_w3_p8_s1_f0.png,Spectrum filter,0.163130973,SSIM,0.328645699856349,0.780553050321721,0.451907350465372
lena_color/,6_hor._stripes_w3_p8_s1_f0.png,First spectrum then convolution,0.338721723,PSNR,9.3911468023866,13.5115793581781,4.12043255579149
lena_color/,6_hor._stripes_w3_p8_s1_f0.png,First spectrum then convolution,0.338721723,SSIM,0.328645699856349,0.774838623041934,0.446192923185585
lena_color/,6_hor._stripes_w3_p8_s1_f0.png,First convolution then spectrum,0.332839266,PSNR,9.3911468023866,13.5000197817677,4.10887297938111
lena_color/,6_hor._stripes_w3_p8_s1_f0.png,First convolution then spectrum,0.332839266,SSIM,0.328645699856349,0.771986993226561,0.443341293370212
lena_color/,6_hor._stripes_w3_p8_s1_f0.png,Wiener Filter,0.030251165,PSNR,9.3911468023866,11.3480593990383,1.95691259665168
lena_color/,6_hor._stripes_w3_p8_s1_f0.png,Wiener Filter,0.030251165,SSIM,0.328645699856349,0.496378151779915,0.167732451923566
lena_color/,6_hor._stripes_w3_p8_s1_f0.png,FFT row,0.043572833,PSNR,9.3911468023866,10.6531058234123,1.2619590210257
lena_color/,6_hor._stripes_w3_p8_s1_f0.png,FFT row,0.043572833,SSIM,0.328645699856349,0.456935641662966,0.128289941806617
lena_color/,6_hor._stripes_w3_p8_s1_f0.png,FFT col,0.031476471,PSNR,9.3911468023866,8.99064582182867,-0.400500980557927
lena_color/,6_hor._stripes_w3_p8_s1_f0.png,FFT col,0.031476471,SSIM,0.328645699856349,0.276425159107317,-0.0522205407490324
lena_color/,6_hor._stripes_w3_p8_s1_f0.png,DCT row,0.095194963,PSNR,9.3911468023866,9.20707102671906,-0.184075775667543
lena_color/,6_hor._stripes_w3_p8_s1_f0.png,DCT row,0.095194963,SSIM,0.328645699856349,0.2816756317137,-0.0469700681426489
lena_color/,6_hor._stripes_w3_p8_s1_f0.png,DCT col,0.07743208,PSNR,9.3911468023866,9.6477895248721,0.256642722485497
lena_color/,6_hor._stripes_w3_p8_s1_f0.png,DCT col,0.07743208,SSIM,0.328645699856349,0.275965241211147,-0.0526804586452019
lena_color/,7_hor._stripes_w1_p10_s1_f0.png,Convolution filter,0.16914315,PSNR,15.0744666227261,19.5376297428138,4.46316312008767
lena_color/,7_hor._stripes_w1_p10_s1_f0.png,Convolution filter,0.16914315,SSIM,0.683692383280284,0.844094663896245,0.160402280615961
lena_color/,7_hor._stripes_w1_p10_s1_f0.png,Spectrum filter,0.163969655,PSNR,15.0744666227261,22.1233711267085,7.04890450398239
lena_color/,7_hor._stripes_w1_p10_s1_f0.png,Spectrum filter,0.163969655,SSIM,0.683692383280284,0.931477835578121,0.247785452297837
lena_color/,7_hor._stripes_w1_p10_s1_f0.png,First spectrum then convolution,0.33933157,PSNR,15.0744666227261,22.2666231455696,7.19215652284351
lena_color/,7_hor._stripes_w1_p10_s1_f0.png,First spectrum then convolution,0.33933157,SSIM,0.683692383280284,0.930989039273141,0.247296655992857
lena_color/,7_hor._stripes_w1_p10_s1_f0.png,First convolution then spectrum,0.331812717,PSNR,15.0744666227261,22.1422232127777,7.06775659005158
lena_color/,7_hor._stripes_w1_p10_s1_f0.png,First convolution then spectrum,0.331812717,SSIM,0.683692383280284,0.926647102109524,0.24295471882924
lena_color/,7_hor._stripes_w1_p10_s1_f0.png,Wiener Filter,0.029606012,PSNR,15.0744666227261,18.0956873313673,3.02122070864123
lena_color/,7_hor._stripes_w1_p10_s1_f0.png,Wiener Filter,0.029606012,SSIM,0.683692383280284,0.806954426794108,0.123262043513824
lena_color/,7_hor._stripes_w1_p10_s1_f0.png,FFT row,0.041162501,PSNR,15.0744666227261,15.2528906857019,0.17842406297585
lena_color/,7_hor._stripes_w1_p10_s1_f0.png,FFT row,0.041162501,SSIM,0.683692383280284,0.724953794194426,0.0412614109141419
lena_color/,7_hor._stripes_w1_p10_s1_f0.png,FFT col,0.024839819,PSNR,15.0744666227261,13.2710646215905,-1.8034020011356
lena_color/,7_hor._stripes_w1_p10_s1_f0.png,FFT col,0.024839819,SSIM,0.683692383280284,0.590543403611808,-0.0931489796684762
lena_color/,7_hor._stripes_w1_p10_s1_f0.png,DCT row,0.093313399,PSNR,15.0744666227261,12.395210225256,-2.67925639747011
lena_color/,7_hor._stripes_w1_p10_s1_f0.png,DCT row,0.093313399,SSIM,0.683692383280284,0.534092207147753,-0.149600176132531
lena_color/,7_hor._stripes_w1_p10_s1_f0.png,DCT col,0.075537443,PSNR,15.0744666227261,12.8828582980068,-2.19160832471925
lena_color/,7_hor._stripes_w1_p10_s1_f0.png,DCT col,0.075537443,SSIM,0.683692383280284,0.535307335118602,-0.148385048161682
lena_color/,8_vert._stripes_w3_p8_s1_f0.png,Convolution filter,0.165868262,PSNR,9.40656279183435,10.893515163362,1.48695237152768
lena_color/,8_vert._stripes_w3_p8_s1_f0.png,Convolution filter,0.165868262,SSIM,0.328377157112265,0.422336581054781,0.0939594239425163
lena_color/,8_vert._stripes_w3_p8_s1_f0.png,Spectrum filter,0.166587704,PSNR,9.40656279183435,13.5211093346682,4.11454654283388
lena_color/,8_vert._stripes_w3_p8_s1_f0.png,Spectrum filter,0.166587704,SSIM,0.328377157112265,0.777875068276989,0.449497911164724
lena_color/,8_vert._stripes_w3_p8_s1_f0.png,First spectrum then convolution,0.334212048,PSNR,9.40656279183435,13.5037151984625,4.09715240662811
lena_color/,8_vert._stripes_w3_p8_s1_f0.png,First spectrum then convolution,0.334212048,SSIM,0.328377157112265,0.771332411327219,0.442955254214954
lena_color/,8_vert._stripes_w3_p8_s1_f0.png,First convolution then spectrum,0.338184615,PSNR,9.40656279183435,13.4928395695998,4.08627677776543
lena_color/,8_vert._stripes_w3_p8_s1_f0.png,First convolution then spectrum,0.338184615,SSIM,0.328377157112265,0.768623046511851,0.440245889399587
lena_color/,8_vert._stripes_w3_p8_s1_f0.png,Wiener Filter,0.029145366,PSNR,9.40656279183435,11.3656910835426,1.95912829170823
lena_color/,8_vert._stripes_w3_p8_s1_f0.png,Wiener Filter,0.029145366,SSIM,0.328377157112265,0.496921340211713,0.168544183099448
lena_color/,8_vert._stripes_w3_p8_s1_f0.png,FFT row,0.041391905,PSNR,9.40656279183435,9.09629394799232,-0.310268843842023
lena_color/,8_vert._stripes_w3_p8_s1_f0.png,FFT row,0.041391905,SSIM,0.328377157112265,0.287970135289138,-0.0404070218231267
lena_color/,8_vert._stripes_w3_p8_s1_f0.png,FFT col,0.023557569,PSNR,9.40656279183435,10.4608902437008,1.05432745186641
lena_color/,8_vert._stripes_w3_p8_s1_f0.png,FFT col,0.023557569,SSIM,0.328377157112265,0.435881176247278,0.107504019135014
lena_color/,8_vert._stripes_w3_p8_s1_f0.png,DCT row,0.088602335,PSNR,9.40656279183435,9.52709548723727,0.120532695402922
lena_color/,8_vert._stripes_w3_p8_s1_f0.png,DCT row,0.088602335,SSIM,0.328377157112265,0.27140545917188,-0.0569716979403846
lena_color/,8_vert._stripes_w3_p8_s1_f0.png,DCT col,0.075377769,PSNR,9.40656279183435,9.36966797729372,-0.0368948145406218
lena_color/,8_vert._stripes_w3_p8_s1_f0.png,DCT col,0.075377769,SSIM,0.328377157112265,0.289118548207835,-0.0392586089044293
lena_color/,9_stripes_w3_p8_s1_f0.png,Convolution filter,0.168976947,PSNR,7.2885983724946,8.28152587252654,0.992927500031933
lena_color/,9_stripes_w3_p8_s1_f0.png,Convolution filter,0.168976947,SSIM,0.157227989343855,0.228858681451614,0.0716306921077589
lena_color/,9_stripes_w3_p8_s1_f0.png,Spectrum filter,0.168350873,PSNR,7.2885983724946,9.38400914399234,2.09541077149774
lena_color/,9_stripes_w3_p8_s1_f0.png,Spectrum filter,0.168350873,SSIM,0.157227989343855,0.438815976434487,0.281587987090632
lena_color/,9_stripes_w3_p8_s1_f0.png,First spectrum then convolution,0.34167464,PSNR,7.2885983724946,9.39438910481274,2.10579073231814
lena_color/,9_stripes_w3_p8_s1_f0.png,First spectrum then convolution,0.34167464,SSIM,0.157227989343855,0.440739987295506,0.28351199795165
lena_color/,9_stripes_w3_p8_s1_f0.png,First convolution then spectrum,0.332300963,PSNR,7.2885983724946,9.39004191008656,2.10144353759196
lena_color/,9_stripes_w3_p8_s1_f0.png,First convolution then spectrum,0.332300963,SSIM,0.157227989343855,0.441166018401643,0.283938029057788
lena_color/,9_stripes_w3_p8_s1_f0.png,Wiener Filter,0.029565532,PSNR,7.2885983724946,8.78520070819406,1.49660233569945
lena_color/,9_stripes_w3_p8_s1_f0.png,Wiener Filter,0.029565532,SSIM,0.157227989343855,0.30229645330922,0.145068463965365
lena_color/,9_stripes_w3_p8_s1_f0.png,FFT row,0.041706776,PSNR,7.2885983724946,7.73355950916598,0.444961136671376
lena_color/,9_stripes_w3_p8_s1_f0.png,FFT row,0.041706776,SSIM,0.157227989343855,0.187976535184443,0.0307485458405881
lena_color/,9_stripes_w3_p8_s1_f0.png,FFT col,0.026716917,PSNR,7.2885983724946,7.66386959960917,0.375271227114565
lena_color/,9_stripes_w3_p8_s1_f0.png,FFT col,0.026716917,SSIM,0.157227989343855,0.180137466472624,0.0229094771287685
lena_color/,9_stripes_w3_p8_s1_f0.png,DCT row,0.087956931,PSNR,7.2885983724946,7.82497525084034,0.53637687834574
lena_color/,9_stripes_w3_p8_s1_f0.png,DCT row,0.087956931,SSIM,0.157227989343855,0.164366029641386,0.00713804029753015
lena_color/,9_stripes_w3_p8_s1_f0.png,DCT col,0.078849888,PSNR,7.2885983724946,7.89319411983067,0.604595747336063
lena_color/,9_stripes_w3_p8_s1_f0.png,DCT col,0.078849888,SSIM,0.157227989343855,0.166100156061701,0.00887216671784544
rockefeller/,0_original.png,Convolution filter,0.970982656,SSIM,1,0.8782535236754,-0.1217464763246
rockefeller/,0_original.png,Spectrum filter,1.520385804,SSIM,1,0.700459965759724,-0.299540034240276
rockefeller/,0_original.png,First spectrum then convolution,1.755475832,SSIM,1,0.664574745899421,-0.335425254100579
rockefeller/,0_original.png,First convolution then spectrum,1.751679757,SSIM,1,0.662019952019551,-0.337980047980449
rockefeller/,0_original.png,Wiener Filter,0.188773098,SSIM,1,0.834498943154637,-0.165501056845363
rockefeller/,0_original.png,FFT row,0.325255131,SSIM,1,0.645575757494402,-0.354424242505598
rockefeller/,0_original.png,FFT col,0.159630095,SSIM,1,0.555804396178753,-0.444195603821247
rockefeller/,0_original.png,DCT row,0.894985538,SSIM,1,0.274832443336489,-0.725167556663511
rockefeller/,0_original.png,DCT col,0.5204555,SSIM,1,0.183412656890747,-0.816587343109253
rockefeller/,1_poisson.png,Convolution filter,1.062207351,PSNR,29.3063084672543,26.9913670908044,-2.31494137644992
rockefeller/,1_poisson.png,Convolution filter,1.062207351,SSIM,0.741611645220543,0.835157275839526,0.0935456306189835
rockefeller/,1_poisson.png,Spectrum filter,0.963304857,PSNR,29.3063084672543,23.5189811926438,-5.78732727461044
rockefeller/,1_poisson.png,Spectrum filter,0.963304857,SSIM,0.741611645220543,0.552511482832927,-0.189100162387616
rockefeller/,1_poisson.png,First spectrum then convolution,2.022298515,PSNR,29.3063084672543,23.1914893268345,-6.11481914041975
rockefeller/,1_poisson.png,First spectrum then convolution,2.022298515,SSIM,0.741611645220543,0.640682685952918,-0.100928959267625
rockefeller/,1_poisson.png,First convolution then spectrum,1.941976966,PSNR,29.3063084672543,22.9012964271756,-6.40501204007868
rockefeller/,1_poisson.png,First convolution then spectrum,1.941976966,SSIM,0.741611645220543,0.643930929734831,-0.0976807154857118
rockefeller/,1_poisson.png,Wiener Filter,0.191566677,PSNR,29.3063084672543,28.6005236434183,-0.705784823836019
rockefeller/,1_poisson.png,Wiener Filter,0.191566677,SSIM,0.741611645220543,0.813854222418136,0.0722425771975934
rockefeller/,1_poisson.png,FFT row,0.207775203,PSNR,29.3063084672543,17.6379755359458,-11.6683329313085
rockefeller/,1_poisson.png,FFT row,0.207775203,SSIM,0.741611645220543,0.51707713268412,-0.224534512536423
rockefeller/,1_poisson.png,FFT col,0.149312744,PSNR,29.3063084672543,16.5533701308849,-12.7529383363694
rockefeller/,1_poisson.png,FFT col,0.149312744,SSIM,0.741611645220543,0.390731846758498,-0.350879798462045
rockefeller/,1_poisson.png,DCT row,0.607694419,PSNR,29.3063084672543,13.6043381412116,-15.7019703260427
rockefeller/,1_poisson.png,DCT row,0.607694419,SSIM,0.741611645220543,0.206910913490987,-0.534700731729556
rockefeller/,1_poisson.png,DCT col,0.511586407,PSNR,29.3063084672543,13.0905950722776,-16.2157133949767
rockefeller/,1_poisson.png,DCT col,0.511586407,SSIM,0.741611645220543,0.165304863522759,-0.576306781697784
rockefeller/,2_speckle.png,Convolution filter,1.050181722,PSNR,22.1562416399131,25.8338298895534,3.67758824964032
rockefeller/,2_speckle.png,Convolution filter,1.050181722,SSIM,0.556272891223164,0.73637686556888,0.180103974345716
rockefeller/,2_speckle.png,Spectrum filter,1.028272138,PSNR,22.1562416399131,20.7380227876058,-1.4182188523073
rockefeller/,2_speckle.png,Spectrum filter,1.028272138,SSIM,0.556272891223164,0.429071128656117,-0.127201762567047
rockefeller/,2_speckle.png,First spectrum then convolution,2.159594078,PSNR,22.1562416399131,23.1584411716509,1.00219953173783
rockefeller/,2_speckle.png,First spectrum then convolution,2.159594078,SSIM,0.556272891223164,0.591565563872015,0.0352926726488517
rockefeller/,2_speckle.png,First convolution then spectrum,1.99319613,PSNR,22.1562416399131,22.7574513886131,0.601209748700011
rockefeller/,2_speckle.png,First convolution then spectrum,1.99319613,SSIM,0.556272891223164,0.586097057238785,0.0298241660156211
rockefeller/,2_speckle.png,Wiener Filter,0.194973642,PSNR,22.1562416399131,25.575153692047,3.41891205213393
rockefeller/,2_speckle.png,Wiener Filter,0.194973642,SSIM,0.556272891223164,0.721350357971697,0.165077466748534
rockefeller/,2_speckle.png,FFT row,0.212292098,PSNR,22.1562416399131,17.0470192327229,-5.10922240719025
rockefeller/,2_speckle.png,FFT row,0.212292098,SSIM,0.556272891223164,0.398345539610151,-0.157927351613012
rockefeller/,2_speckle.png,FFT col,0.154440164,PSNR,22.1562416399131,16.1429128005719,-6.01332883934126
rockefeller/,2_speckle.png,FFT col,0.154440164,SSIM,0.556272891223164,0.265027543446962,-0.291245347776202
rockefeller/,2_speckle.png,DCT row,0.669044639,PSNR,22.1562416399131,13.2544929063362,-8.9017487335769
rockefeller/,2_speckle.png,DCT row,0.669044639,SSIM,0.556272891223164,0.148078287566522,-0.408194603656642
rockefeller/,2_speckle.png,DCT col,0.559839799,PSNR,22.1562416399131,12.7821059152242,-9.37413572468887
rockefeller/,2_speckle.png,DCT col,0.559839799,SSIM,0.556272891223164,0.133899288760802,-0.422373602462362
rockefeller/,3_saltpepper_0-1.png,Convolution filter,1.079399132,PSNR,14.8677154478032,21.9463543434707,7.07863889566757
rockefeller/,3_saltpepper_0-1.png,Convolution filter,1.079399132,SSIM,0.255128852300419,0.473573198742048,0.218444346441629
rockefeller/,3_saltpepper_0-1.png,Spectrum filter,1.055390785,PSNR,14.8677154478032,15.0767107975991,0.208995349795952
rockefeller/,3_saltpepper_0-1.png,Spectrum filter,1.055390785,SSIM,0.255128852300419,0.220672523988325,-0.0344563283120942
rockefeller/,3_saltpepper_0-1.png,First spectrum then convolution,2.067013777,PSNR,14.8677154478032,21.3523542512904,6.48463880348718
rockefeller/,3_saltpepper_0-1.png,First spectrum then convolution,2.067013777,SSIM,0.255128852300419,0.426464720893816,0.171335868593397
rockefeller/,3_saltpepper_0-1.png,First convolution then spectrum,1.969381167,PSNR,14.8677154478032,21.0939891239512,6.22627367614806
rockefeller/,3_saltpepper_0-1.png,First convolution then spectrum,1.969381167,SSIM,0.255128852300419,0.40723119666235,0.152102344361931
rockefeller/,3_saltpepper_0-1.png,Wiener Filter,0.201419666,PSNR,14.8677154478032,20.5455663250359,5.67785087723273
rockefeller/,3_saltpepper_0-1.png,Wiener Filter,0.201419666,SSIM,0.255128852300419,0.462497069926572,0.207368217626153
rockefeller/,3_saltpepper_0-1.png,FFT row,0.210787288,PSNR,14.8677154478032,14.8508405061534,-0.0168749416498173
rockefeller/,3_saltpepper_0-1.png,FFT row,0.210787288,SSIM,0.255128852300419,0.219150325389828,-0.0359785269105914
rockefeller/,3_saltpepper_0-1.png,FFT col,0.156851772,PSNR,14.8677154478032,14.2711391548667,-0.596576292936437
rockefeller/,3_saltpepper_0-1.png,FFT col,0.156851772,SSIM,0.255128852300419,0.126094573536479,-0.129034278763941
rockefeller/,3_saltpepper_0-1.png,DCT row,0.641135559,PSNR,14.8677154478032,11.7688726296406,-3.09884281816262
rockefeller/,3_saltpepper_0-1.png,DCT row,0.641135559,SSIM,0.255128852300419,0.0766322373058002,-0.178496614994619
rockefeller/,3_saltpepper_0-1.png,DCT col,0.575060976,PSNR,14.8677154478032,11.4856826679007,-3.38203277990248
rockefeller/,3_saltpepper_0-1.png,DCT col,0.575060976,SSIM,0.255128852300419,0.076387517735287,-0.178741334565132
rockefeller/,4_gaussian_0_0-1.png,Convolution filter,1.094710346,PSNR,11.7297643981001,19.0981858598813,7.36842146178124
rockefeller/,4_gaussian_0_0-1.png,Convolution filter,1.094710346,SSIM,0.119180943510029,0.310384804218576,0.191203860708547
rockefeller/,4_gaussian_0_0-1.png,Spectrum filter,1.031638849,PSNR,11.7297643981001,12.1845798247035,0.454815426603481
rockefeller/,4_gaussian_0_0-1.png,Spectrum filter,1.031638849,SSIM,0.119180943510029,0.114314367130417,-0.00486657637961126
rockefeller/,4_gaussian_0_0-1.png,First spectrum then convolution,2.099820429,PSNR,11.7297643981001,18.9229467246655,7.19318232656539
rockefeller/,4_gaussian_0_0-1.png,First spectrum then convolution,2.099820429,SSIM,0.119180943510029,0.29845700477586,0.179276061265831
rockefeller/,4_gaussian_0_0-1.png,First convolution then spectrum,1.973939537,PSNR,11.7297643981001,19.0581108437383,7.32834644563826
rockefeller/,4_gaussian_0_0-1.png,First convolution then spectrum,1.973939537,SSIM,0.119180943510029,0.282771244907139,0.16359030139711
rockefeller/,4_gaussian_0_0-1.png,Wiener Filter,0.200370527,PSNR,11.7297643981001,19.5175672617638,7.78780286366377
rockefeller/,4_gaussian_0_0-1.png,Wiener Filter,0.200370527,SSIM,0.119180943510029,0.339593389973883,0.220412446463854
rockefeller/,4_gaussian_0_0-1.png,FFT row,0.216100278,PSNR,11.7297643981001,13.0632872043978,1.33352280629774
rockefeller/,4_gaussian_0_0-1.png,FFT row,0.216100278,SSIM,0.119180943510029,0.124694898170361,0.005513954660332
rockefeller/,4_gaussian_0_0-1.png,FFT col,0.156535949,PSNR,11.7297643981001,12.6012431591071,0.871478761007053
rockefeller/,4_gaussian_0_0-1.png,FFT col,0.156535949,SSIM,0.119180943510029,0.0661479141092907,-0.0530330294007379
rockefeller/,4_gaussian_0_0-1.png,DCT row,0.54924073,PSNR,11.7297643981001,10.4746454489827,-1.25511894911732
rockefeller/,4_gaussian_0_0-1.png,DCT row,0.54924073,SSIM,0.119180943510029,0.0459149758914632,-0.0732659676185654
rockefeller/,4_gaussian_0_0-1.png,DCT col,0.593006861,PSNR,11.7297643981001,10.3359884320892,-1.39377596601091
rockefeller/,4_gaussian_0_0-1.png,DCT col,0.593006861,SSIM,0.119180943510029,0.0457417348572598,-0.0734392086527688
rockefeller/,5_gaussian_0_0-5.png,Convolution filter,1.230183775,PSNR,7.79798804405467,14.2758192199923,6.47783117593762
rockefeller/,5_gaussian_0_0-5.png,Convolution filter,1.230183775,SSIM,0.0418461106856179,0.148992281098637,0.10714617041302
rockefeller/,5_gaussian_0_0-5.png,Spectrum filter,1.069897809,PSNR,7.79798804405467,8.54065598162119,0.742667937566521
rockefeller/,5_gaussian_0_0-5.png,Spectrum filter,1.069897809,SSIM,0.0418461106856179,0.0440425275279076,0.0021964168422897
rockefeller/,5_gaussian_0_0-5.png,First spectrum then convolution,2.163444465,PSNR,7.79798804405467,14.2965640176768,6.49857597362211
rockefeller/,5_gaussian_0_0-5.png,First spectrum then convolution,2.163444465,SSIM,0.0418461106856179,0.153083675791695,0.111237565106077
rockefeller/,5_gaussian_0_0-5.png,First convolution then spectrum,2.017415813,PSNR,7.79798804405467,14.6229567308177,6.82496868676306
rockefeller/,5_gaussian_0_0-5.png,First convolution then spectrum,2.017415813,SSIM,0.0418461106856179,0.145102274678108,0.103256163992491
rockefeller/,5_gaussian_0_0-5.png,Wiener Filter,0.209282592,PSNR,7.79798804405467,15.1824587836281,7.38447073957342
rockefeller/,5_gaussian_0_0-5.png,Wiener Filter,0.209282592,SSIM,0.0418461106856179,0.188510190631278,0.14666407994566
rockefeller/,5_gaussian_0_0-5.png,FFT row,0.214771432,PSNR,7.79798804405467,9.93316534315176,2.13517729909709
rockefeller/,5_gaussian_0_0-5.png,FFT row,0.214771432,SSIM,0.0418461106856179,0.0643963181416747,0.0225502074560568
rockefeller/,5_gaussian_0_0-5.png,FFT col,0.184896069,PSNR,7.79798804405467,9.75427020628976,1.95628216223509
rockefeller/,5_gaussian_0_0-5.png,FFT col,0.184896069,SSIM,0.0418461106856179,0.0335730215586177,-0.00827308912700014
rockefeller/,5_gaussian_0_0-5.png,DCT row,0.650459543,PSNR,7.79798804405467,8.39247198463447,0.594483940579801
rockefeller/,5_gaussian_0_0-5.png,DCT row,0.650459543,SSIM,0.0418461106856179,0.0205666478271043,-0.0212794628585135
rockefeller/,5_gaussian_0_0-5.png,DCT col,0.609921997,PSNR,7.79798804405467,8.33729584733699,0.539307803282314
rockefeller/,5_gaussian_0_0-5.png,DCT col,0.609921997,SSIM,0.0418461106856179,0.0204289642413205,-0.0214171464442974
rockefeller/,6_hor._stripes_w3_p8_s1_f0.png,Convolution filter,1.140212761,PSNR,13.23140243779,14.5214451618941,1.29004272410413
rockefeller/,6_hor._stripes_w3_p8_s1_f0.png,Convolution filter,1.140212761,SSIM,0.265404970838181,0.265511568542017,0.000106597703835254
rockefeller/,6_hor._stripes_w3_p8_s1_f0.png,Spectrum filter,1.017250289,PSNR,13.23140243779,16.5560984863686,3.32469604857862
rockefeller/,6_hor._stripes_w3_p8_s1_f0.png,Spectrum filter,1.017250289,SSIM,0.265404970838181,0.548559377903089,0.283154407064908
rockefeller/,6_hor._stripes_w3_p8_s1_f0.png,First spectrum then convolution,2.051260071,PSNR,13.23140243779,16.4662343062462,3.23483186845618
rockefeller/,6_hor._stripes_w3_p8_s1_f0.png,First spectrum then convolution,2.051260071,SSIM,0.265404970838181,0.550530433300037,0.285125462461855
rockefeller/,6_hor._stripes_w3_p8_s1_f0.png,First convolution then spectrum,1.953456836,PSNR,13.23140243779,16.3881397704846,3.15673733269455
rockefeller/,6_hor._stripes_w3_p8_s1_f0.png,First convolution then spectrum,1.953456836,SSIM,0.265404970838181,0.54680851796422,0.281403547126039
rockefeller/,6_hor._stripes_w3_p8_s1_f0.png,Wiener Filter,0.19267538,PSNR,13.23140243779,14.6248409630595,1.39343852526945
rockefeller/,6_hor._stripes_w3_p8_s1_f0.png,Wiener Filter,0.19267538,SSIM,0.265404970838181,0.284360453148669,0.018955482310488
rockefeller/,6_hor._stripes_w3_p8_s1_f0.png,FFT row,0.205304276,PSNR,13.23140243779,13.4878157205024,0.256413282712392
rockefeller/,6_hor._stripes_w3_p8_s1_f0.png,FFT row,0.205304276,SSIM,0.265404970838181,0.240473160053771,-0.0249318107844098
rockefeller/,6_hor._stripes_w3_p8_s1_f0.png,FFT col,0.149809607,PSNR,13.23140243779,12.1468406586232,-1.08456177916682
rockefeller/,6_hor._stripes_w3_p8_s1_f0.png,FFT col,0.149809607,SSIM,0.265404970838181,0.0922136894134655,-0.173191281424716
rockefeller/,6_hor._stripes_w3_p8_s1_f0.png,DCT row,0.647026088,PSNR,13.23140243779,11.6675330503882,-1.56386938740183
rockefeller/,6_hor._stripes_w3_p8_s1_f0.png,DCT row,0.647026088,SSIM,0.265404970838181,0.0815798123122895,-0.183825158525892
rockefeller/,6_hor._stripes_w3_p8_s1_f0.png,DCT col,0.571954619,PSNR,13.23140243779,11.7685672171169,-1.46283522067306
rockefeller/,6_hor._stripes_w3_p8_s1_f0.png,DCT col,0.571954619,SSIM,0.265404970838181,0.0810636042792227,-0.184341366558959
rockefeller/,7_hor._stripes_w1_p10_s1_f0.png,Convolution filter,1.110932208,PSNR,18.9640903777199,22.0279225751185,3.0638321973986
rockefeller/,7_hor._stripes_w1_p10_s1_f0.png,Convolution filter,1.110932208,SSIM,0.555535002120455,0.584147282239596,0.0286122801191411
rockefeller/,7_hor._stripes_w1_p10_s1_f0.png,Spectrum filter,1.021001449,PSNR,18.9640903777199,22.3290750751573,3.3649846974374
rockefeller/,7_hor._stripes_w1_p10_s1_f0.png,Spectrum filter,1.021001449,SSIM,0.555535002120455,0.604381567850559,0.0488465657301033
rockefeller/,7_hor._stripes_w1_p10_s1_f0.png,First spectrum then convolution,2.090688956,PSNR,18.9640903777199,21.8796038025012,2.91551342478126
rockefeller/,7_hor._stripes_w1_p10_s1_f0.png,First spectrum then convolution,2.090688956,SSIM,0.555535002120455,0.586654690437299,0.0311196883168439
rockefeller/,7_hor._stripes_w1_p10_s1_f0.png,First convolution then spectrum,1.930413568,PSNR,18.9640903777199,21.5411082287752,2.57701785105522
rockefeller/,7_hor._stripes_w1_p10_s1_f0.png,First convolution then spectrum,1.930413568,SSIM,0.555535002120455,0.569989430212075,0.0144544280916201
rockefeller/,7_hor._stripes_w1_p10_s1_f0.png,Wiener Filter,0.1951265,PSNR,18.9640903777199,20.8346697675764,1.87057938985647
rockefeller/,7_hor._stripes_w1_p10_s1_f0.png,Wiener Filter,0.1951265,SSIM,0.555535002120455,0.549548805268751,-0.00598619685170387
rockefeller/,7_hor._stripes_w1_p10_s1_f0.png,FFT row,0.206987884,PSNR,18.9640903777199,16.3578425141008,-2.60624786361909
rockefeller/,7_hor._stripes_w1_p10_s1_f0.png,FFT row,0.206987884,SSIM,0.555535002120455,0.400298299701022,-0.155236702419434
rockefeller/,7_hor._stripes_w1_p10_s1_f0.png,FFT col,0.242626928,PSNR,18.9640903777199,14.9337346318105,-4.03035574590943
rockefeller/,7_hor._stripes_w1_p10_s1_f0.png,FFT col,0.242626928,SSIM,0.555535002120455,0.228511308931049,-0.327023693189406
rockefeller/,7_hor._stripes_w1_p10_s1_f0.png,DCT row,0.655554983,PSNR,18.9640903777199,12.9261096954559,-6.03798068226402
rockefeller/,7_hor._stripes_w1_p10_s1_f0.png,DCT row,0.655554983,SSIM,0.555535002120455,0.15436472970737,-0.401170272413085
rockefeller/,7_hor._stripes_w1_p10_s1_f0.png,DCT col,0.534445446,PSNR,18.9640903777199,12.7123179178716,-6.25177245984829
rockefeller/,7_hor._stripes_w1_p10_s1_f0.png,DCT col,0.534445446,SSIM,0.555535002120455,0.121839688418736,-0.433695313701719
rockefeller/,8_vert._stripes_w3_p8_s1_f0.png,Convolution filter,1.083872094,PSNR,13.2420520989786,14.530640575848,1.2885884768694
rockefeller/,8_vert._stripes_w3_p8_s1_f0.png,Convolution filter,1.083872094,SSIM,0.265834583222375,0.266647912665986,0.000813329443611899
rockefeller/,8_vert._stripes_w3_p8_s1_f0.png,Spectrum filter,1.002006731,PSNR,13.2420520989786,16.5675192352635,3.32546713628493
rockefeller/,8_vert._stripes_w3_p8_s1_f0.png,Spectrum filter,1.002006731,SSIM,0.265834583222375,0.553074566817477,0.287239983595103
rockefeller/,8_vert._stripes_w3_p8_s1_f0.png,First spectrum then convolution,2.039945578,PSNR,13.2420520989786,16.473435867556,3.23138376857737
rockefeller/,8_vert._stripes_w3_p8_s1_f0.png,First spectrum then convolution,2.039945578,SSIM,0.265834583222375,0.555832267870202,0.289997684647828
rockefeller/,8_vert._stripes_w3_p8_s1_f0.png,First convolution then spectrum,1.938509638,PSNR,13.2420520989786,16.3984408934193,3.15638879444066
rockefeller/,8_vert._stripes_w3_p8_s1_f0.png,First convolution then spectrum,1.938509638,SSIM,0.265834583222375,0.551765781775562,0.285931198553187
rockefeller/,8_vert._stripes_w3_p8_s1_f0.png,Wiener Filter,0.191711352,PSNR,13.2420520989786,14.6446525544622,1.40260045548359
rockefeller/,8_vert._stripes_w3_p8_s1_f0.png,Wiener Filter,0.191711352,SSIM,0.265834583222375,0.287041644660318,0.0212070614379436
rockefeller/,8_vert._stripes_w3_p8_s1_f0.png,FFT row,0.206898707,PSNR,13.2420520989786,12.3799975436756,-0.862054555303029
rockefeller/,8_vert._stripes_w3_p8_s1_f0.png,FFT row,0.206898707,SSIM,0.265834583222375,0.129307308177408,-0.136527275044966
rockefeller/,8_vert._stripes_w3_p8_s1_f0.png,FFT col,0.169483719,PSNR,13.2420520989786,13.3117683938347,0.0697162948561179
rockefeller/,8_vert._stripes_w3_p8_s1_f0.png,FFT col,0.169483719,SSIM,0.265834583222375,0.16229030064042,-0.103544282581955
rockefeller/,8_vert._stripes_w3_p8_s1_f0.png,DCT row,0.641151865,PSNR,13.2420520989786,11.9547057030482,-1.28734639593038
rockefeller/,8_vert._stripes_w3_p8_s1_f0.png,DCT row,0.641151865,SSIM,0.265834583222375,0.0793490520677757,-0.186485531154599
rockefeller/,8_vert._stripes_w3_p8_s1_f0.png,DCT col,0.609271202,PSNR,13.2420520989786,11.4712330504825,-1.77081904849608
rockefeller/,8_vert._stripes_w3_p8_s1_f0.png,DCT col,0.609271202,SSIM,0.265834583222375,0.0746978362558609,-0.191136746966514
rockefeller/,9_stripes_w3_p8_s1_f0.png,Convolution filter,1.113759606,PSNR,11.1264577601231,12.0319559645803,0.905498204457167
rockefeller/,9_stripes_w3_p8_s1_f0.png,Convolution filter,1.113759606,SSIM,0.145932499986786,0.164312103626056,0.0183796036392695
rockefeller/,9_stripes_w3_p8_s1_f0.png,Spectrum filter,1.033209682,PSNR,11.1264577601231,12.9583329322851,1.83187517216198
rockefeller/,9_stripes_w3_p8_s1_f0.png,Spectrum filter,1.033209682,SSIM,0.145932499986786,0.361052656039613,0.215120156052827
rockefeller/,9_stripes_w3_p8_s1_f0.png,First spectrum then convolution,2.119563627,PSNR,11.1264577601231,12.9683700682627,1.84191230813955
rockefeller/,9_stripes_w3_p8_s1_f0.png,First spectrum then convolution,2.119563627,SSIM,0.145932499986786,0.385722340061699,0.239789840074912
rockefeller/,9_stripes_w3_p8_s1_f0.png,First convolution then spectrum,1.968697873,PSNR,11.1264577601231,12.9325176735148,1.80605991339163
rockefeller/,9_stripes_w3_p8_s1_f0.png,First convolution then spectrum,1.968697873,SSIM,0.145932499986786,0.387075549247797,0.241143049261011
rockefeller/,9_stripes_w3_p8_s1_f0.png,Wiener Filter,0.191805114,PSNR,11.1264577601231,12.2079228593704,1.08146509924723
rockefeller/,9_stripes_w3_p8_s1_f0.png,Wiener Filter,0.191805114,SSIM,0.145932499986786,0.201586387269289,0.0556538872825033
rockefeller/,9_stripes_w3_p8_s1_f0.png,FFT row,0.206514907,PSNR,11.1264577601231,11.2236079560537,0.0971501959305208
rockefeller/,9_stripes_w3_p8_s1_f0.png,FFT row,0.206514907,SSIM,0.145932499986786,0.102053255438226,-0.0438792445485604
rockefeller/,9_stripes_w3_p8_s1_f0.png,FFT col,0.149267822,PSNR,11.1264577601231,11.1535297413957,0.0270719812725577
rockefeller/,9_stripes_w3_p8_s1_f0.png,FFT col,0.149267822,SSIM,0.145932499986786,0.0785519228958752,-0.0673805770909109
rockefeller/,9_stripes_w3_p8_s1_f0.png,DCT row,0.623919944,PSNR,11.1264577601231,10.9677626519154,-0.158695108207695
rockefeller/,9_stripes_w3_p8_s1_f0.png,DCT row,0.623919944,SSIM,0.145932499986786,0.0591570584388632,-0.0867754415479229
rockefeller/,9_stripes_w3_p8_s1_f0.png,DCT col,0.59771375,PSNR,11.1264577601231,10.8792620317571,-0.247195728366027
rockefeller/,9_stripes_w3_p8_s1_f0.png,DCT col,0.59771375,SSIM,0.145932499986786,0.0574753957992206,-0.0884571041875655
rockefeller_color/,0_original.png,Convolution filter,2.903222382,SSIM,1,0.93073172884965,-0.0692682711503497
rockefeller_color/,0_original.png,Spectrum filter,2.65279941,SSIM,1,0.839565749184903,-0.160434250815097
rockefeller_color/,0_original.png,First spectrum then convolution,5.808233611,SSIM,1,0.811960011459377,-0.188039988540623
rockefeller_color/,0_original.png,First convolution then spectrum,5.550888093,SSIM,1,0.805867408075457,-0.194132591924543
rockefeller_color/,0_original.png,Wiener Filter,0.543271738,SSIM,1,0.914302319084025,-0.0856976809159745
rockefeller_color/,0_original.png,FFT row,0.672978225,SSIM,1,0.564271468441415,-0.435728531558585
rockefeller_color/,0_original.png,FFT col,0.455447919,SSIM,1,0.619396249951956,-0.380603750048044
rockefeller_color/,0_original.png,DCT row,1.615635593,SSIM,1,0.340561516153598,-0.659438483846402
rockefeller_color/,0_original.png,DCT col,1.48554545,SSIM,1,0.252369945959876,-0.747630054040124
rockefeller_color/,1_poisson.png,Convolution filter,2.943755316,PSNR,29.4081665020323,26.8003490051527,-2.60781749687967
rockefeller_color/,1_poisson.png,Convolution filter,2.943755316,SSIM,0.884557963882449,0.914908202751756,0.0303502388693078
rockefeller_color/,1_poisson.png,Spectrum filter,2.677922517,PSNR,29.4081665020323,23.4928481273426,-5.91531837468969
rockefeller_color/,1_poisson.png,Spectrum filter,2.677922517,SSIM,0.884557963882449,0.755167650234431,-0.129390313648018
rockefeller_color/,1_poisson.png,First spectrum then convolution,5.852397043,PSNR,29.4081665020323,23.0662239089691,-6.34194259306327
rockefeller_color/,1_poisson.png,First spectrum then convolution,5.852397043,SSIM,0.884557963882449,0.801591135935957,-0.0829668279464917
rockefeller_color/,1_poisson.png,First convolution then spectrum,5.161775521,PSNR,29.4081665020323,22.7798116328816,-6.62835486915077
rockefeller_color/,1_poisson.png,First convolution then spectrum,5.161775521,SSIM,0.884557963882449,0.799212084476883,-0.0853458794055659
rockefeller_color/,1_poisson.png,Wiener Filter,0.590307606,PSNR,29.4081665020323,28.5633402246038,-0.844826277428481
rockefeller_color/,1_poisson.png,Wiener Filter,0.590307606,SSIM,0.884557963882449,0.903814601191214,0.0192566373087653
rockefeller_color/,1_poisson.png,FFT row,0.74587496,PSNR,29.4081665020323,17.1156638284258,-12.2925026736065
rockefeller_color/,1_poisson.png,FFT row,0.74587496,SSIM,0.884557963882449,0.523637384838053,-0.360920579044396
rockefeller_color/,1_poisson.png,FFT col,0.461852863,PSNR,29.4081665020323,16.445157517755,-12.9630089842773
rockefeller_color/,1_poisson.png,FFT col,0.461852863,SSIM,0.884557963882449,0.560020763351003,-0.324537200531445
rockefeller_color/,1_poisson.png,DCT row,1.701845194,PSNR,29.4081665020323,13.5521851178486,-15.8559813841837
rockefeller_color/,1_poisson.png,DCT row,1.701845194,SSIM,0.884557963882449,0.310627956281273,-0.573930007601176
rockefeller_color/,1_poisson.png,DCT col,1.492987992,PSNR,29.4081665020323,12.8176060007248,-16.5905605013075
rockefeller_color/,1_poisson.png,DCT col,1.492987992,SSIM,0.884557963882449,0.241168933347634,-0.643389030534814
rockefeller_color/,2_speckle.png,Convolution filter,2.66548241,PSNR,22.164074679546,25.5620224403624,3.39794776081633
rockefeller_color/,2_speckle.png,Convolution filter,2.66548241,SSIM,0.715385016813475,0.868339486900324,0.152954470086848
rockefeller_color/,2_speckle.png,Spectrum filter,2.467271296,PSNR,22.164074679546,20.7128767870487,-1.45119789249732
rockefeller_color/,2_speckle.png,Spectrum filter,2.467271296,SSIM,0.715385016813475,0.621075085933742,-0.0943099308797329
rockefeller_color/,2_speckle.png,First spectrum then convolution,5.135205192,PSNR,22.164074679546,22.9650215501699,0.800946870623857
rockefeller_color/,2_speckle.png,First spectrum then convolution,5.135205192,SSIM,0.715385016813475,0.777595869486973,0.062210852673498
rockefeller_color/,2_speckle.png,First convolution then spectrum,5.154390227,PSNR,22.164074679546,22.5799307668099,0.415856087263879
rockefeller_color/,2_speckle.png,First convolution then spectrum,5.154390227,SSIM,0.715385016813475,0.772020249044527,0.0566352322310513
rockefeller_color/,2_speckle.png,Wiener Filter,0.596632766,PSNR,22.164074679546,25.5671861479455,3.40311146839947
rockefeller_color/,2_speckle.png,Wiener Filter,0.596632766,SSIM,0.715385016813475,0.851633691775967,0.136248674962491
rockefeller_color/,2_speckle.png,FFT row,0.861281544,PSNR,22.164074679546,16.5973627396732,-5.56671193987279
rockefeller_color/,2_speckle.png,FFT row,0.861281544,SSIM,0.715385016813475,0.450123665561889,-0.265261351251587
rockefeller_color/,2_speckle.png,FFT col,0.658491796,PSNR,22.164074679546,16.0239074491586,-6.14016723038739
rockefeller_color/,2_speckle.png,FFT col,0.658491796,SSIM,0.715385016813475,0.459508530133988,-0.255876486679487
rockefeller_color/,2_speckle.png,DCT row,1.842419213,PSNR,22.164074679546,13.2276437280319,-8.9364309515141
rockefeller_color/,2_speckle.png,DCT row,1.842419213,SSIM,0.715385016813475,0.255394665045674,-0.459990351767801
rockefeller_color/,2_speckle.png,DCT col,1.729620076,PSNR,22.164074679546,12.5541906692594,-9.60988401028668
rockefeller_color/,2_speckle.png,DCT col,1.729620076,SSIM,0.715385016813475,0.210874343028354,-0.504510673785122
rockefeller_color/,3_saltpepper_0-1.png,Convolution filter,2.696434686,PSNR,14.7897128567444,21.8130809738149,7.0233681170705
rockefeller_color/,3_saltpepper_0-1.png,Convolution filter,2.696434686,SSIM,0.332391458123722,0.637789816707136,0.305398358583414
rockefeller_color/,3_saltpepper_0-1.png,Spectrum filter,2.467319263,PSNR,14.7897128567444,14.9965513589421,0.206838502197721
rockefeller_color/,3_saltpepper_0-1.png,Spectrum filter,2.467319263,SSIM,0.332391458123722,0.318671397418921,-0.0137200607048009
rockefeller_color/,3_saltpepper_0-1.png,First spectrum then convolution,5.326945625,PSNR,14.7897128567444,21.1934083713512,6.40369551460687
rockefeller_color/,3_saltpepper_0-1.png,First spectrum then convolution,5.326945625,SSIM,0.332391458123722,0.611094782110349,0.278703323986627
rockefeller_color/,3_saltpepper_0-1.png,First convolution then spectrum,5.200500751,PSNR,14.7897128567444,20.9586922960251,6.16897943928072
rockefeller_color/,3_saltpepper_0-1.png,First convolution then spectrum,5.200500751,SSIM,0.332391458123722,0.60729007779752,0.274898619673799
rockefeller_color/,3_saltpepper_0-1.png,Wiener Filter,0.605662379,PSNR,14.7897128567444,20.4542468329407,5.66453397619637
rockefeller_color/,3_saltpepper_0-1.png,Wiener Filter,0.605662379,SSIM,0.332391458123722,0.60477987025638,0.272388412132658
rockefeller_color/,3_saltpepper_0-1.png,FFT row,0.726236003,PSNR,14.7897128567444,14.5222636819041,-0.267449174840294
rockefeller_color/,3_saltpepper_0-1.png,FFT row,0.726236003,SSIM,0.332391458123722,0.259741951285896,-0.0726495068378261
rockefeller_color/,3_saltpepper_0-1.png,FFT col,0.465988348,PSNR,14.7897128567444,14.1904298217901,-0.59928303495426
rockefeller_color/,3_saltpepper_0-1.png,FFT col,0.465988348,SSIM,0.332391458123722,0.263534157919007,-0.0688573002047149
rockefeller_color/,3_saltpepper_0-1.png,DCT row,1.773032197,PSNR,14.7897128567444,11.7135840045731,-3.07612885217123
rockefeller_color/,3_saltpepper_0-1.png,DCT row,1.773032197,SSIM,0.332391458123722,0.143273773173642,-0.18911768495008
rockefeller_color/,3_saltpepper_0-1.png,DCT col,1.529736573,PSNR,14.7897128567444,11.2890968235088,-3.50061603323557
rockefeller_color/,3_saltpepper_0-1.png,DCT col,1.529736573,SSIM,0.332391458123722,0.129560765419749,-0.202830692703973
rockefeller_color/,4_gaussian_0_0-1.png,Convolution filter,2.729639679,PSNR,11.7728303144412,18.9681708910902,7.19534057664896
rockefeller_color/,4_gaussian_0_0-1.png,Convolution filter,2.729639679,SSIM,0.189372180081568,0.471743540278691,0.282371360197122
rockefeller_color/,4_gaussian_0_0-1.png,Spectrum filter,2.470434373,PSNR,11.7728303144412,12.2164082967044,0.443577982263159
rockefeller_color/,4_gaussian_0_0-1.png,Spectrum filter,2.470434373,SSIM,0.189372180081568,0.189900005206125,0.000527825124556597
rockefeller_color/,4_gaussian_0_0-1.png,First spectrum then convolution,5.285511191,PSNR,11.7728303144412,18.7592153681779,6.98638505373665
rockefeller_color/,4_gaussian_0_0-1.png,First spectrum then convolution,5.285511191,SSIM,0.189372180081568,0.465904231428017,0.276532051346448
rockefeller_color/,4_gaussian_0_0-1.png,First convolution then spectrum,5.169082998,PSNR,11.7728303144412,18.9066545362912,7.13382422185001
rockefeller_color/,4_gaussian_0_0-1.png,First convolution then spectrum,5.169082998,SSIM,0.189372180081568,0.468353211124275,0.278981031042707
rockefeller_color/,4_gaussian_0_0-1.png,Wiener Filter,0.607678134,PSNR,11.7728303144412,19.3306522119256,7.55782189748437
rockefeller_color/,4_gaussian_0_0-1.png,Wiener Filter,0.607678134,SSIM,0.189372180081568,0.506470550832265,0.317098370750697
rockefeller_color/,4_gaussian_0_0-1.png,FFT row,0.699125315,PSNR,11.7728303144412,12.8967781561502,1.12394784170901
rockefeller_color/,4_gaussian_0_0-1.png,FFT row,0.699125315,SSIM,0.189372180081568,0.172561047210347,-0.0168111328712217
rockefeller_color/,4_gaussian_0_0-1.png,FFT col,0.466023202,PSNR,11.7728303144412,12.5554287271831,0.78259841274188
rockefeller_color/,4_gaussian_0_0-1.png,FFT col,0.466023202,SSIM,0.189372180081568,0.173318656076364,-0.016053524005204
rockefeller_color/,4_gaussian_0_0-1.png,DCT row,1.674323416,PSNR,11.7728303144412,10.4737802809574,-1.29905003348383
rockefeller_color/,4_gaussian_0_0-1.png,DCT row,1.674323416,SSIM,0.189372180081568,0.0935553685819649,-0.0958168114996034
rockefeller_color/,4_gaussian_0_0-1.png,DCT col,1.528337679,PSNR,11.7728303144412,10.2430421881079,-1.5297881263333
rockefeller_color/,4_gaussian_0_0-1.png,DCT col,1.528337679,SSIM,0.189372180081568,0.087045048729705,-0.102327131351863
rockefeller_color/,5_gaussian_0_0-5.png,Convolution filter,2.798732249,PSNR,7.78132529226834,14.0937468396807,6.31242154741237
rockefeller_color/,5_gaussian_0_0-5.png,Convolution filter,2.798732249,SSIM,0.0696368179058038,0.234490387483891,0.164853569578087
rockefeller_color/,5_gaussian_0_0-5.png,Spectrum filter,2.521617589,PSNR,7.78132529226834,8.5049083204191,0.723583028150765
rockefeller_color/,5_gaussian_0_0-5.png,Spectrum filter,2.521617589,SSIM,0.0696368179058038,0.0744375463505962,0.00480072844479237
rockefeller_color/,5_gaussian_0_0-5.png,First spectrum then convolution,5.354953517,PSNR,7.78132529226834,14.0858238248314,6.30449853256304
rockefeller_color/,5_gaussian_0_0-5.png,First spectrum then convolution,5.354953517,SSIM,0.0696368179058038,0.238781008933793,0.169144191027989
rockefeller_color/,5_gaussian_0_0-5.png,First convolution then spectrum,5.16475371,PSNR,7.78132529226834,14.4173253048174,6.63600001254905
rockefeller_color/,5_gaussian_0_0-5.png,First convolution then spectrum,5.16475371,SSIM,0.0696368179058038,0.244552648951269,0.174915831045465
rockefeller_color/,5_gaussian_0_0-5.png,Wiener Filter,0.653445303,PSNR,7.78132529226834,14.9387969489565,7.15747165668816
rockefeller_color/,5_gaussian_0_0-5.png,Wiener Filter,0.653445303,SSIM,0.0696368179058038,0.289807008792274,0.220170190886471
rockefeller_color/,5_gaussian_0_0-5.png,FFT row,0.657757803,PSNR,7.78132529226834,9.81713474540957,2.03580945314123
rockefeller_color/,5_gaussian_0_0-5.png,FFT row,0.657757803,SSIM,0.0696368179058038,0.081790651073653,0.0121538331678492
rockefeller_color/,5_gaussian_0_0-5.png,FFT col,0.466459191,PSNR,7.78132529226834,9.68313592147727,1.90181062920894
rockefeller_color/,5_gaussian_0_0-5.png,FFT col,0.466459191,SSIM,0.0696368179058038,0.0854704382135229,0.015833620307719
rockefeller_color/,5_gaussian_0_0-5.png,DCT row,1.680879039,PSNR,7.78132529226834,8.33313258276662,0.55180729049828
rockefeller_color/,5_gaussian_0_0-5.png,DCT row,1.680879039,SSIM,0.0696368179058038,0.0384800618643751,-0.0311567560414287
rockefeller_color/,5_gaussian_0_0-5.png,DCT col,1.517952984,PSNR,7.78132529226834,8.24924476777739,0.467919475509053
rockefeller_color/,5_gaussian_0_0-5.png,DCT col,1.517952984,SSIM,0.0696368179058038,0.0367963807440707,-0.0328404371617331
rockefeller_color/,6_hor._stripes_w3_p8_s1_f0.png,Convolution filter,2.792112349,PSNR,13.1101345728666,14.3976391774665,1.28750460459989
rockefeller_color/,6_hor._stripes_w3_p8_s1_f0.png,Convolution filter,2.792112349,SSIM,0.352999930918061,0.388275005175271,0.0352750742572097
rockefeller_color/,6_hor._stripes_w3_p8_s1_f0.png,Spectrum filter,2.481855347,PSNR,13.1101345728666,16.4357367295348,3.32560215666817
rockefeller_color/,6_hor._stripes_w3_p8_s1_f0.png,Spectrum filter,2.481855347,SSIM,0.352999930918061,0.644779824616685,0.291779893698624
rockefeller_color/,6_hor._stripes_w3_p8_s1_f0.png,First spectrum then convolution,5.292527559,PSNR,13.1101345728666,16.3411328740674,3.23099830120073
rockefeller_color/,6_hor._stripes_w3_p8_s1_f0.png,First spectrum then convolution,5.292527559,SSIM,0.352999930918061,0.639671996753992,0.286672065835931
rockefeller_color/,6_hor._stripes_w3_p8_s1_f0.png,First convolution then spectrum,5.179103398,PSNR,13.1101345728666,16.2646275975803,3.15449302471364
rockefeller_color/,6_hor._stripes_w3_p8_s1_f0.png,First convolution then spectrum,5.179103398,SSIM,0.352999930918061,0.633285696184215,0.280285765266154
rockefeller_color/,6_hor._stripes_w3_p8_s1_f0.png,Wiener Filter,0.606141458,PSNR,13.1101345728666,14.4396037986959,1.32946922582922
rockefeller_color/,6_hor._stripes_w3_p8_s1_f0.png,Wiener Filter,0.606141458,SSIM,0.352999930918061,0.413024306606492,0.0600243756884304
rockefeller_color/,6_hor._stripes_w3_p8_s1_f0.png,FFT row,0.774159496,PSNR,13.1101345728666,13.2566352386588,0.146500665792155
rockefeller_color/,6_hor._stripes_w3_p8_s1_f0.png,FFT row,0.774159496,SSIM,0.352999930918061,0.286813731727663,-0.0661861991903982
rockefeller_color/,6_hor._stripes_w3_p8_s1_f0.png,FFT col,0.484747274,PSNR,13.1101345728666,12.0275812483448,-1.0825533245218
rockefeller_color/,6_hor._stripes_w3_p8_s1_f0.png,FFT col,0.484747274,SSIM,0.352999930918061,0.185386351560832,-0.16761357935723
rockefeller_color/,6_hor._stripes_w3_p8_s1_f0.png,DCT row,1.721239644,PSNR,13.1101345728666,11.558002584288,-1.55213198857859
rockefeller_color/,6_hor._stripes_w3_p8_s1_f0.png,DCT row,1.721239644,SSIM,0.352999930918061,0.146810830006879,-0.206189100911182
rockefeller_color/,6_hor._stripes_w3_p8_s1_f0.png,DCT col,1.571705542,PSNR,13.1101345728666,11.5795239300978,-1.53061064276887
rockefeller_color/,6_hor._stripes_w3_p8_s1_f0.png,DCT col,1.571705542,SSIM,0.352999930918061,0.134275317192284,-0.218724613725777
rockefeller_color/,7_hor._stripes_w1_p10_s1_f0.png,Convolution filter,2.887560002,PSNR,18.8417428931814,21.8889025698634,3.04715967668194
rockefeller_color/,7_hor._stripes_w1_p10_s1_f0.png,Convolution filter,2.887560002,SSIM,0.679643156500137,0.759497076211759,0.0798539197116224
rockefeller_color/,7_hor._stripes_w1_p10_s1_f0.png,Spectrum filter,2.548475317,PSNR,18.8417428931814,22.2190769650944,3.37733407191294
rockefeller_color/,7_hor._stripes_w1_p10_s1_f0.png,Spectrum filter,2.548475317,SSIM,0.679643156500137,0.772855483314314,0.0932123268141769
rockefeller_color/,7_hor._stripes_w1_p10_s1_f0.png,First spectrum then convolution,5.423134113,PSNR,18.8417428931814,21.7440974775594,2.90235458437801
rockefeller_color/,7_hor._stripes_w1_p10_s1_f0.png,First spectrum then convolution,5.423134113,SSIM,0.679643156500137,0.765680428390296,0.0860372718901593
rockefeller_color/,7_hor._stripes_w1_p10_s1_f0.png,First convolution then spectrum,5.384971376,PSNR,18.8417428931814,21.4221734853392,2.58043059215777
rockefeller_color/,7_hor._stripes_w1_p10_s1_f0.png,First convolution then spectrum,5.384971376,SSIM,0.679643156500137,0.75488843138595,0.0752452748858129
rockefeller_color/,7_hor._stripes_w1_p10_s1_f0.png,Wiener Filter,0.626157498,PSNR,18.8417428931814,20.6215523732375,1.77980948005606
rockefeller_color/,7_hor._stripes_w1_p10_s1_f0.png,Wiener Filter,0.626157498,SSIM,0.679643156500137,0.71808298920805,0.0384398327079131
rockefeller_color/,7_hor._stripes_w1_p10_s1_f0.png,FFT row,0.806017564,PSNR,18.8417428931814,15.9485680670826,-2.89317482609886
rockefeller_color/,7_hor._stripes_w1_p10_s1_f0.png,FFT row,0.806017564,SSIM,0.679643156500137,0.434672530962277,-0.24497062553786
rockefeller_color/,7_hor._stripes_w1_p10_s1_f0.png,FFT col,0.487850894,PSNR,18.8417428931814,14.8185202612716,-4.02322263190979
rockefeller_color/,7_hor._stripes_w1_p10_s1_f0.png,FFT col,0.487850894,SSIM,0.679643156500137,0.384679594639469,-0.294963561860668
rockefeller_color/,7_hor._stripes_w1_p10_s1_f0.png,DCT row,1.741219751,PSNR,18.8417428931814,12.8395714721714,-6.00217142101002
rockefeller_color/,7_hor._stripes_w1_p10_s1_f0.png,DCT row,1.741219751,SSIM,0.679643156500137,0.245012004143906,-0.434631152356231
rockefeller_color/,7_hor._stripes_w1_p10_s1_f0.png,DCT col,1.586392709,PSNR,18.8417428931814,12.4601261885512,-6.3816167046302
rockefeller_color/,7_hor._stripes_w1_p10_s1_f0.png,DCT col,1.586392709,SSIM,0.679643156500137,0.195375741324217,-0.48426741517592
rockefeller_color/,8_vert._stripes_w3_p8_s1_f0.png,Convolution filter,2.869061459,PSNR,13.1207407172526,14.4070001862265,1.2862594689739
rockefeller_color/,8_vert._stripes_w3_p8_s1_f0.png,Convolution filter,2.869061459,SSIM,0.353325186848877,0.388976164971802,0.0356509781229254
rockefeller_color/,8_vert._stripes_w3_p8_s1_f0.png,Spectrum filter,2.599882968,PSNR,13.1207407172526,16.4472008722682,3.32646015501562
rockefeller_color/,8_vert._stripes_w3_p8_s1_f0.png,Spectrum filter,2.599882968,SSIM,0.353325186848877,0.647943253112541,0.294618066263664
rockefeller_color/,8_vert._stripes_w3_p8_s1_f0.png,First spectrum then convolution,5.487026295,PSNR,13.1207407172526,16.3492114513254,3.22847073407286
rockefeller_color/,8_vert._stripes_w3_p8_s1_f0.png,First spectrum then convolution,5.487026295,SSIM,0.353325186848877,0.642609501458199,0.289284314609322
rockefeller_color/,8_vert._stripes_w3_p8_s1_f0.png,First convolution then spectrum,5.38058385,PSNR,13.1207407172526,16.2768389139211,3.15609819666852
rockefeller_color/,8_vert._stripes_w3_p8_s1_f0.png,First convolution then spectrum,5.38058385,SSIM,0.353325186848877,0.636760345058895,0.283435158210018
rockefeller_color/,8_vert._stripes_w3_p8_s1_f0.png,Wiener Filter,0.595228561,PSNR,13.1207407172526,14.4579158840546,1.33717516680207
rockefeller_color/,8_vert._stripes_w3_p8_s1_f0.png,Wiener Filter,0.595228561,SSIM,0.353325186848877,0.414958100036362,0.061632913187485
rockefeller_color/,8_vert._stripes_w3_p8_s1_f0.png,FFT row,0.724275421,PSNR,13.1207407172526,12.1793262818242,-0.941414435428364
rockefeller_color/,8_vert._stripes_w3_p8_s1_f0.png,FFT row,0.724275421,SSIM,0.353325186848877,0.186075372579013,-0.167249814269863
rockefeller_color/,8_vert._stripes_w3_p8_s1_f0.png,FFT col,0.511168985,PSNR,13.1207407172526,13.1633733857347,0.0426326684821117
rockefeller_color/,8_vert._stripes_w3_p8_s1_f0.png,FFT col,0.511168985,SSIM,0.353325186848877,0.284188203270081,-0.0691369835787959
rockefeller_color/,8_vert._stripes_w3_p8_s1_f0.png,DCT row,1.688927092,PSNR,13.1207407172526,11.8455058806547,-1.27523483659789
rockefeller_color/,8_vert._stripes_w3_p8_s1_f0.png,DCT row,1.688927092,SSIM,0.353325186848877,0.143872357981624,-0.209452828867253
rockefeller_color/,8_vert._stripes_w3_p8_s1_f0.png,DCT col,1.604198429,PSNR,13.1207407172526,11.2527614236008,-1.86797929365181
rockefeller_color/,8_vert._stripes_w3_p8_s1_f0.png,DCT col,1.604198429,SSIM,0.353325186848877,0.118464206064325,-0.234860980784552
rockefeller_color/,9_stripes_w3_p8_s1_f0.png,Convolution filter,2.681604536,PSNR,11.0053211748507,11.9097348227917,0.904413647941036
rockefeller_color/,9_stripes_w3_p8_s1_f0.png,Convolution filter,2.681604536,SSIM,0.190123282371456,0.226559474467407,0.0364361920959515
rockefeller_color/,9_stripes_w3_p8_s1_f0.png,Spectrum filter,2.520836499,PSNR,11.0053211748507,12.8365255071761,1.83120433232541
rockefeller_color/,9_stripes_w3_p8_s1_f0.png,Spectrum filter,2.520836499,SSIM,0.190123282371456,0.389145111690005,0.19902182931855
rockefeller_color/,9_stripes_w3_p8_s1_f0.png,First spectrum then convolution,5.270793993,PSNR,11.0053211748507,12.8464135086272,1.84109233377655
rockefeller_color/,9_stripes_w3_p8_s1_f0.png,First spectrum then convolution,5.270793993,SSIM,0.190123282371456,0.396154852066969,0.206031569695513
rockefeller_color/,9_stripes_w3_p8_s1_f0.png,First convolution then spectrum,5.27003292,PSNR,11.0053211748507,12.8106784018478,1.80535722699717
rockefeller_color/,9_stripes_w3_p8_s1_f0.png,First convolution then spectrum,5.27003292,SSIM,0.190123282371456,0.392628154134939,0.202504871763483
rockefeller_color/,9_stripes_w3_p8_s1_f0.png,Wiener Filter,0.602337483,PSNR,11.0053211748507,12.0471392561021,1.04181808125141
rockefeller_color/,9_stripes_w3_p8_s1_f0.png,Wiener Filter,0.602337483,SSIM,0.190123282371456,0.26231908073799,0.0721957983665343
rockefeller_color/,9_stripes_w3_p8_s1_f0.png,FFT row,0.691325727,PSNR,11.0053211748507,11.0614023017673,0.0560811269166344
rockefeller_color/,9_stripes_w3_p8_s1_f0.png,FFT row,0.691325727,SSIM,0.190123282371456,0.136422294488365,-0.0537009878830905
rockefeller_color/,9_stripes_w3_p8_s1_f0.png,FFT col,0.52957251,PSNR,11.0053211748507,11.0219352567026,0.0166140818519498
rockefeller_color/,9_stripes_w3_p8_s1_f0.png,FFT col,0.52957251,SSIM,0.190123282371456,0.138460503592901,-0.0516627787785549
rockefeller_color/,9_stripes_w3_p8_s1_f0.png,DCT row,1.782952853,PSNR,11.0053211748507,10.8485053195695,-0.156815855281142
rockefeller_color/,9_stripes_w3_p8_s1_f0.png,DCT row,1.782952853,SSIM,0.190123282371456,0.100525922551242,-0.0895973598202138
rockefeller_color/,9_stripes_w3_p8_s1_f0.png,DCT col,1.544538711,PSNR,11.0053211748507,10.7029406455039,-0.302380529346749
rockefeller_color/,9_stripes_w3_p8_s1_f0.png,DCT col,1.544538711,SSIM,0.190123282371456,0.0862193384012662,-0.10390394397019
